-- phpMyAdmin SQL Dump
-- version 5.2.0
-- https://www.phpmyadmin.net/
--
-- Host: 127.0.0.1
-- Generation Time: Feb 06, 2025 at 06:58 PM
-- Server version: 10.4.27-MariaDB
-- PHP Version: 8.0.25

SET SQL_MODE = "NO_AUTO_VALUE_ON_ZERO";
START TRANSACTION;
SET time_zone = "+00:00";


/*!40101 SET @OLD_CHARACTER_SET_CLIENT=@@CHARACTER_SET_CLIENT */;
/*!40101 SET @OLD_CHARACTER_SET_RESULTS=@@CHARACTER_SET_RESULTS */;
/*!40101 SET @OLD_COLLATION_CONNECTION=@@COLLATION_CONNECTION */;
/*!40101 SET NAMES utf8mb4 */;

--
-- Database: `libro_compartir`
--

-- --------------------------------------------------------

--
-- Table structure for table `bids`
--

CREATE TABLE `bids` (
  `id` int(11) NOT NULL,
  `book_id` int(11) DEFAULT NULL,
  `user_id` int(11) DEFAULT NULL,
  `bid_amount` decimal(10,2) DEFAULT NULL,
  `bid_time` timestamp NOT NULL DEFAULT current_timestamp()
) ENGINE=InnoDB DEFAULT CHARSET=utf8mb4 COLLATE=utf8mb4_general_ci;

--
-- Dumping data for table `bids`
--

INSERT INTO `bids` (`id`, `book_id`, `user_id`, `bid_amount`, `bid_time`) VALUES
(1, 23, 5, '101.00', '2024-12-06 05:36:56'),
(2, 23, 4, '102.00', '2024-12-06 05:37:21'),
(3, 23, 4, '103.00', '2024-12-06 06:00:13'),
(4, 23, 5, '1000.00', '2024-12-06 06:06:11'),
(5, 23, 5, '10000.00', '2024-12-06 06:06:20'),
(6, 23, 5, '100000.00', '2024-12-06 06:07:26'),
(7, 23, 5, '99999999.99', '2024-12-06 06:10:00'),
(8, 23, 5, '99999999.99', '2024-12-06 06:10:01'),
(9, 23, 5, '99999999.99', '2024-12-06 06:10:01'),
(10, 23, 5, '99999999.99', '2024-12-06 06:10:01'),
(11, 23, 5, '99999999.99', '2024-12-06 06:10:02'),
(12, 23, 5, '99999999.99', '2024-12-06 06:10:02'),
(13, 23, 5, '99999999.99', '2024-12-06 06:10:02'),
(14, 23, 5, '99999999.99', '2024-12-06 06:10:02'),
(15, 23, 5, '99999999.99', '2024-12-06 06:10:02'),
(16, 23, 5, '99999999.99', '2024-12-06 06:10:02'),
(17, 23, 5, '99999999.99', '2024-12-06 06:10:05'),
(18, 23, 5, '99999999.99', '2024-12-06 06:10:05'),
(19, 23, 5, '99999999.99', '2024-12-06 06:10:05'),
(20, 23, 5, '99999999.99', '2024-12-06 06:10:05'),
(21, 25, 6, '80.00', '2024-12-06 08:24:05'),
(22, 25, 6, '100.00', '2024-12-06 08:33:28');

-- --------------------------------------------------------

--
-- Table structure for table `chat_rooms`
--

CREATE TABLE `chat_rooms` (
  `chat_room_id` int(11) NOT NULL,
  `user1_id` int(11) DEFAULT NULL,
  `user2_id` int(11) DEFAULT NULL
) ENGINE=InnoDB DEFAULT CHARSET=utf8mb4 COLLATE=utf8mb4_general_ci;

-- --------------------------------------------------------

--
-- Table structure for table `comments`
--

CREATE TABLE `comments` (
  `id` int(11) NOT NULL,
  `book_id` int(11) DEFAULT NULL,
  `user_name` varchar(255) DEFAULT NULL,
  `comment` text DEFAULT NULL,
  `created_at` timestamp NOT NULL DEFAULT current_timestamp()
) ENGINE=InnoDB DEFAULT CHARSET=utf8mb4 COLLATE=utf8mb4_general_ci;

--
-- Dumping data for table `comments`
--

INSERT INTO `comments` (`id`, `book_id`, `user_name`, `comment`, `created_at`) VALUES
(20, 23, 'Rhenden Rada', '101', '2024-12-06 05:05:01'),
(21, 23, 'Nicole Buena', '102', '2024-12-06 05:05:45');

-- --------------------------------------------------------

--
-- Table structure for table `messages`
--

CREATE TABLE `messages` (
  `message_id` int(11) NOT NULL,
  `chat_room_id` int(11) DEFAULT NULL,
  `sender_id` int(11) DEFAULT NULL,
  `message` text DEFAULT NULL,
  `timestamp` datetime DEFAULT current_timestamp()
) ENGINE=InnoDB DEFAULT CHARSET=utf8mb4 COLLATE=utf8mb4_general_ci;

-- --------------------------------------------------------

--
-- Table structure for table `tbladmin`
--

CREATE TABLE `tbladmin` (
  `admin_id` int(11) NOT NULL,
  `first_name` text NOT NULL,
  `last_name` varchar(255) NOT NULL,
  `username` varchar(255) NOT NULL,
  `password` varchar(255) NOT NULL
) ENGINE=InnoDB DEFAULT CHARSET=utf8mb4 COLLATE=utf8mb4_general_ci;

--
-- Dumping data for table `tbladmin`
--

INSERT INTO `tbladmin` (`admin_id`, `first_name`, `last_name`, `username`, `password`) VALUES
(1, 'Jose', 'Ariola', 'Jose', 'Ariola');

-- --------------------------------------------------------

--
-- Table structure for table `tblbook`
--

CREATE TABLE `tblbook` (
  `id` int(10) NOT NULL,
  `title` varchar(255) NOT NULL,
  `description` varchar(255) NOT NULL,
  `category` varchar(255) NOT NULL,
  `book_condition` varchar(255) NOT NULL,
  `book_status` varchar(255) NOT NULL,
  `image` blob NOT NULL,
  `user_id` int(10) NOT NULL,
  `bidding_start_price` decimal(10,2) NOT NULL,
  `meeting_spot` varchar(255) NOT NULL,
  `bidding_end_time` datetime DEFAULT NULL
) ENGINE=InnoDB DEFAULT CHARSET=utf8mb4 COLLATE=utf8mb4_general_ci;

--
-- Dumping data for table `tblbook`
--

INSERT INTO `tblbook` (`id`, `title`, `description`, `category`, `book_condition`, `book_status`, `image`, `user_id`, `bidding_start_price`, `meeting_spot`, `bidding_end_time`) VALUES
(23, 'Blue Book', 'Book Blue', 'Educational', 'New', 'For Sale', 0xffd8ffe000104a46494600010100000100010000ffdb008400090607131312151313131616151717201a171818181b191f1b20201d2020201d1f1f30284030302631271f1f30403031404040404020314b503f404f40414041010a0a0a0e0d0e1a10101a2d1f1d262d2d2f2b2d2d372d2d2d2d2d302d2d2d2b2d2d2d2d2d2d2d2d2d2d2d2d352d2d2d2d2b2d2d2d2d2d2b2d2d2b2d2d2d2b2d2dffc000110800c800c803012200021101031101ffc4001b00010002030101000000000000000000000001020405060307ffc4003a1000020102030407060406030100000000000102031104213105124151062261718191a13242b1c1d1f0133372e10723526282a214d2f1c2ffc400190101000301010000000000000000000000000102030405ffc400271101000202010400060301000000000000000102031131041221411332516171c15281a122ffda000c03010002110311003f00fb8800000000000000000000000000000000000000000000000000000000000000000000000031b6863a1460e751da2bef23cf0fb5684d271ab077575d64bd0695ee8deb6cd04295f4242c000000000000000000000000000000000000000014ab51462e5276495db2e703d2edbceacbf0693eaa7d66b8bfa16ad772cb2e58c75dcb07a41b4e58ba965754e3a2faf69e2a165a229469eeab23db79bee37d69e5cccda773cad46b4a1ecca51fd3268cea3d20c447dfdefd49335c9e77425ebe4351298bda38974787e974bdfa49fe96d7c4d961fa4f425aef41f6af9a38ab32ad3cf32b3486d5ea7247ddf48c3ed0a53f66a45f8a328f95b46561f1d520bab524bba4fe05671b5af57f587d281c1d1e936223aca325fdd1fa1b1c3f4c3fae978c5fc995ec96b5ea71cfd9d5834f43a498796b271fd49af5365431309e709465dcd32ba986d5bd6dc4bd80042c000000000000000000687a53b7561e1bb1cea4965d9dbf426236adef148dcb5fd32e906e7f2293ebbf6df25c8e630d454567abd59e587836ff001257726646e2b1d115d43c9be49c96ee9211bf327c3e456f997976b25542c9f2659bbfec563cedf32c976810a4cae7ebdc5ac4f6fc008947b38f3b91bbc48098092e223c885da46b95c08923aae83e0eca755ad5eec7b966fe5e472d4d3d2d9fdd8fa4ecac37e1d284392cfbf899e49f1a7574b4ddbbbe8cb0018bd0000000000000003c3198a8d2839cdd92fbb044cebcb176e6d58e1e939cb37eec79bfa1f3375675e6ead46db6ccadaf8f962aab6fd9597625c888452c964b447452ba87979f2fc4b7d97bfd342334c3d73e20b314c9fdf0260c6ef77c887cb25da05a515c0adf92b0f915cadcbd40ba9725dbde5537c89ba0f40152443a9ea20aeb3d09df59d805b26dff00e913b5f257bf3262ee42764d5b37e3e012d974730dbf5949fb305bcfe5ebf03be868ac731b030db987bfbd55d9773c97cd9d441592473de772f53a7a76d212002ad80000000000014a9514536dd92576d9f39e936db7889a843d8f77fecfb4cfe986dfde7f854df556ad7bcfe88e770d42dd67ed3f81b529af32f3ba9cddd3d95e1e94a86eab37e27bc74cedea51a21bf1ed3472f0bb7c75e023f68ad3cedf3e05a5e5d8022c39f0213f3d323d1e9a680562afa664c1f715b72b93dfa81292ee2ab8f77990a59f61295b3f302179f604f52c97df221c3c40a37f13d70949d4a9187193b799496bf237fd12c32739546b282b2ef7f45f12b69d434c54efbc43a3a1496fc62bd9a71f5792f44fccd8989b363d573e337bde1c3d2c659cef5c000000000000394e99f481528ba507d6794edc1725da6c7a57b6bfe2d153b3729cd538d95ecddecede07cc294a552a394de6de57766fb7bcd31d6267cb93aacb6ad751efdb230f4aef7a592e06645e7cc94ad64915923779dad0588496b7fa872097a392ec22a4efdc51cb2bfdf693bb95c03864435c350d7db2f4e2fcb5440a67afec4c1ddf6137b27e846fbeced085e4bcb421b49699896883fbd35092fa59bfdc8bea454d6e20fef40255b8f23b2d9b85fc3c3c21a4aa3cff00cb37e51398d9385552b4619b57bbee5afd0ee692deadd908facbf65ea63927d3bba4a736fe99d18d95912019bb4000000000001c3ff17e36c02a9c2956a73964a595f75e4f2f78d7f47ea53af4229a8c9c7ab24f764d38e59db2be9a1dc6dfd9b1c4e1ab50969520e3e2d64fc1d8f84743761ce78c8d472dc952fcc8a959ef46f0b34925aad1f0296e5be288b52d59f5e7f53fa7d22b6c487b8e50ee775e4cc2adb2eac74b4bb9eebf53a58c720e05a325a3db96fd3e3b7a71f5baafaea51cadd656bf8e87a4269e963a995246057d8f4dbbeeeebe71ea9a466fac39add17f1969229e7657b10fb75bf79b0a9b266afbb2525ca4adeabe8615584e09ef53925cd7597a1ac64acb9afd3e4af3088a76b5fd7222d73ce8cd4ad67aeb62fbbc116628b5996c9f9871b3c825e362479ca7dba17e0edc1685631ec2f04b8bef040a45652b6a39f3108ef5b9b7656e240ea3a23864a33ad2e3927d8b393fbe4745b2e2f7379eb36e6fc745e0ac8c078650a54e82f7ad07ddacdf927e66e9239a6773b7af8e9db58aa400434000000000000433e5dd33c34b038c58c845ba355ff352de769db3b474bcacb37a35da7d48f3ad454959a4d72798d6d313313b8701b37a5985ab92aaa32e53eabf537b0aa9e8cf3dabd05c256bff002f71be30eafa687395fa0b8aa09ffc5afdb66dc7c2d9c476c29df68e637f87521a3899edbc761b2c4e1db5fd495bd55e3f036381e9a61a7949ba6ffbd5979e8566b298cb59f1bd3a37128e991431509abc649ae69dd1ea55ab0711b3e13f6a29be7c7cf535d5f627184e4bb25d65f537f621c498b4c712ced8e96e61cbd6c3568fb54d4f3d62fe4cc778949eee8f94959f933ad940f1ad858c95a514d726ae6b19a7db9efd1d67e59d39b6ed97ec4b7c757d86ceb6c58fb8e50ee775e4f2302aecdad1d3767ddd57f4348cb5972dfa5c95e3cbc24d676369d16c2efd74f8416f3efd12f9f81a5ab2dd769a947f52b7ae876bd1ba2a961dd597bcb7dfe94b2f4f8937b7fcf8306399c9e6386d70cb7ab4a5c29add5deece5e9ba6c4c3d9549c69adef6a5d6977cb37f4f0330c1e8c00009000000000000000005800292a49f0345b4ba2184ad772a31527ef43aafd0e8013b44c44f2f9be2bf8773a6dcb0d5dc5f27d5ff65f346bebe2369e17f328fe2c171b5ffda3f347d60ab821bdf2a7c3d7cb3a7cc303d38a32caa4654df1babaf35f33a1c26d1a5555e138c9738b4cdc6d4e8de1abfe6528b7fd56b4bcd66727b4bf8690f6b0f5a74e5c2f9faab323b613dd78e7cff8df290b1c64f67ed6c2be15e0bfcfe92f89385e9bd9eed7a33834ecdaeb7a6a57b2568cd5f7e3f2ec5c4ab81afd9fb7f0f5bf2eac5be57b3f2d4d9292655a44ede2e827c0dae3609fe1d14b29495d2fe9866fff0095e262528de4bbcd86016fd5a93e11fe5c7c3397ab4bfc4b555bfd1b3001640000000000000000000000000000000000002ae08c2c7ec8a3595aa5384d7f7453f533c01c2ed5fe1ae1aa674dca9beceb2f279fa9a4abd16da586fc8adf8915c2f7ff00597c99f5522c4ed9fc3afaf1f87caf6774a3174aac2189c366e4926af0bb792c9fd4fa5ecdc37e1d38c5e6ed793e6de6df9b6644a09ea932c478f4b5626399d8000b000000000000000000000000000000000000000000000000000000000000000000000000000000000000000000000000000000000000000000003fffd9, 4, '100.00', 'Wmsu', '2024-12-07 13:47:48'),
(24, 'B', 'B', 'Educational', 'New', 'For Sale', 0xffd8ffe000104a46494600010100000100010000ffdb008400090607131312151313131616151717201a171818181b191f1b20201d2020201d1f1f30284030302631271f1f30403031404040404020314b503f404f40414041010a0a0a0e0d0e1a10101a2d1f1d262d2d2f2b2d2d372d2d2d2d2d302d2d2d2b2d2d2d2d2d2d2d2d2d2d2d2d352d2d2d2d2b2d2d2d2d2d2b2d2d2b2d2d2d2b2d2dffc000110800c800c803012200021101031101ffc4001b00010002030101000000000000000000000001020405060307ffc4003a1000020102030407060406030100000000000102031104213105124151062261718191a13242b1c1d1f0133372e10723526282a214d2f1c2ffc400190101000301010000000000000000000000000102030405ffc400271101000202010400060301000000000000000102031131041221411332516171c15281a122ffda000c03010002110311003f00fb8800000000000000000000000000000000000000000000000000000000000000000000000031b6863a1460e751da2bef23cf0fb5684d271ab077575d64bd0695ee8deb6cd04295f4242c000000000000000000000000000000000000000014ab51462e5276495db2e703d2edbceacbf0693eaa7d66b8bfa16ad772cb2e58c75dcb07a41b4e58ba965754e3a2faf69e2a165a229469eeab23db79bee37d69e5cccda773cad46b4a1ecca51fd3268cea3d20c447dfdefd49335c9e77425ebe4351298bda38974787e974bdfa49fe96d7c4d961fa4f425aef41f6af9a38ab32ad3cf32b3486d5ea7247ddf48c3ed0a53f66a45f8a328f95b46561f1d520bab524bba4fe05671b5af57f587d281c1d1e936223aca325fdd1fa1b1c3f4c3fae978c5fc995ec96b5ea71cfd9d5834f43a498796b271fd49af5365431309e709465dcd32ba986d5bd6dc4bd80042c000000000000000000687a53b7561e1bb1cea4965d9dbf426236adef148dcb5fd32e906e7f2293ebbf6df25c8e630d454567abd59e587836ff001257726646e2b1d115d43c9be49c96ee9211bf327c3e456f997976b25542c9f2659bbfec563cedf32c976810a4cae7ebdc5ac4f6fc008947b38f3b91bbc48098092e223c885da46b95c08923aae83e0eca755ad5eec7b966fe5e472d4d3d2d9fdd8fa4ecac37e1d284392cfbf899e49f1a7574b4ddbbbe8cb0018bd0000000000000003c3198a8d2839cdd92fbb044cebcb176e6d58e1e939cb37eec79bfa1f3375675e6ead46db6ccadaf8f962aab6fd9597625c888452c964b447452ba87979f2fc4b7d97bfd342334c3d73e20b314c9fdf0260c6ef77c887cb25da05a515c0adf92b0f915cadcbd40ba9725dbde5537c89ba0f40152443a9ea20aeb3d09df59d805b26dff00e913b5f257bf3262ee42764d5b37e3e012d974730dbf5949fb305bcfe5ebf03be868ac731b030db987bfbd55d9773c97cd9d441592473de772f53a7a76d212002ad80000000000014a9514536dd92576d9f39e936db7889a843d8f77fecfb4cfe986dfde7f854df556ad7bcfe88e770d42dd67ed3f81b529af32f3ba9cddd3d95e1e94a86eab37e27bc74cedea51a21bf1ed3472f0bb7c75e023f68ad3cedf3e05a5e5d8022c39f0213f3d323d1e9a680562afa664c1f715b72b93dfa81292ee2ab8f77990a59f61295b3f302179f604f52c97df221c3c40a37f13d70949d4a9187193b799496bf237fd12c32739546b282b2ef7f45f12b69d434c54efbc43a3a1496fc62bd9a71f5792f44fccd8989b363d573e337bde1c3d2c659cef5c000000000000394e99f481528ba507d6794edc1725da6c7a57b6bfe2d153b3729cd538d95ecddecede07cc294a552a394de6de57766fb7bcd31d6267cb93aacb6ad751efdb230f4aef7a592e06645e7cc94ad64915923779dad0588496b7fa872097a392ec22a4efdc51cb2bfdf693bb95c03864435c350d7db2f4e2fcb5440a67afec4c1ddf6137b27e846fbeced085e4bcb421b49699896883fbd35092fa59bfdc8bea454d6e20fef40255b8f23b2d9b85fc3c3c21a4aa3cff00cb37e51398d9385552b4619b57bbee5afd0ee692deadd908facbf65ea63927d3bba4a736fe99d18d95912019bb4000000000001c3ff17e36c02a9c2956a73964a595f75e4f2f78d7f47ea53af4229a8c9c7ab24f764d38e59db2be9a1dc6dfd9b1c4e1ab50969520e3e2d64fc1d8f84743761ce78c8d472dc952fcc8a959ef46f0b34925aad1f0296e5be288b52d59f5e7f53fa7d22b6c487b8e50ee775e4cc2adb2eac74b4bb9eebf53a58c720e05a325a3db96fd3e3b7a71f5baafaea51cadd656bf8e87a4269e963a995246057d8f4dbbeeeebe71ea9a466fac39add17f1969229e7657b10fb75bf79b0a9b266afbb2525ca4adeabe8615584e09ef53925cd7597a1ac64acb9afd3e4af3088a76b5fd7222d73ce8cd4ad67aeb62fbbc116628b5996c9f9871b3c825e362479ca7dba17e0edc1685631ec2f04b8bef040a45652b6a39f3108ef5b9b7656e240ea3a23864a33ad2e3927d8b393fbe4745b2e2f7379eb36e6fc745e0ac8c078650a54e82f7ad07ddacdf927e66e9239a6773b7af8e9db58aa400434000000000000433e5dd33c34b038c58c845ba355ff352de769db3b474bcacb37a35da7d48f3ad454959a4d72798d6d313313b8701b37a5985ab92aaa32e53eabf537b0aa9e8cf3dabd05c256bff002f71be30eafa687395fa0b8aa09ffc5afdb66dc7c2d9c476c29df68e637f87521a3899edbc761b2c4e1db5fd495bd55e3f036381e9a61a7949ba6ffbd5979e8566b298cb59f1bd3a37128e991431509abc649ae69dd1ea55ab0711b3e13f6a29be7c7cf535d5f627184e4bb25d65f537f621c498b4c712ced8e96e61cbd6c3568fb54d4f3d62fe4cc778949eee8f94959f933ad940f1ad858c95a514d726ae6b19a7db9efd1d67e59d39b6ed97ec4b7c757d86ceb6c58fb8e50ee775e4f2302aecdad1d3767ddd57f4348cb5972dfa5c95e3cbc24d676369d16c2efd74f8416f3efd12f9f81a5ab2dd769a947f52b7ae876bd1ba2a961dd597bcb7dfe94b2f4f8937b7fcf8306399c9e6386d70cb7ab4a5c29add5deece5e9ba6c4c3d9549c69adef6a5d6977cb37f4f0330c1e8c00009000000000000000005800292a49f0345b4ba2184ad772a31527ef43aafd0e8013b44c44f2f9be2bf8773a6dcb0d5dc5f27d5ff65f346bebe2369e17f328fe2c171b5ffda3f347d60ab821bdf2a7c3d7cb3a7cc303d38a32caa4654df1babaf35f33a1c26d1a5555e138c9738b4cdc6d4e8de1abfe6528b7fd56b4bcd66727b4bf8690f6b0f5a74e5c2f9faab323b613dd78e7cff8df290b1c64f67ed6c2be15e0bfcfe92f89385e9bd9eed7a33834ecdaeb7a6a57b2568cd5f7e3f2ec5c4ab81afd9fb7f0f5bf2eac5be57b3f2d4d9292655a44ede2e827c0dae3609fe1d14b29495d2fe9866fff0095e262528de4bbcd86016fd5a93e11fe5c7c3397ab4bfc4b555bfd1b3001640000000000000000000000000000000000002ae08c2c7ec8a3595aa5384d7f7453f533c01c2ed5fe1ae1aa674dca9beceb2f279fa9a4abd16da586fc8adf8915c2f7ff00597c99f5522c4ed9fc3afaf1f87caf6774a3174aac2189c366e4926af0bb792c9fd4fa5ecdc37e1d38c5e6ed793e6de6df9b6644a09ea932c478f4b5626399d8000b000000000000000000000000000000000000000000000000000000000000000000000000000000000000000000000000000000000000000000003fffd9, 5, '1.00', 'Wmsu', '2024-12-06 02:26:00'),
(25, 'Bible', 'Bible', 'Educational', 'Worn', 'For Sale', 0xffd8ffe000104a46494600010100000100010000ffdb008400090607131312151313131616151717201a171818181b191f1b20201d2020201d1f1f30284030302631271f1f30403031404040404020314b503f404f40414041010a0a0a0e0d0e1a10101a2d1f1d262d2d2f2b2d2d372d2d2d2d2d302d2d2d2b2d2d2d2d2d2d2d2d2d2d2d2d352d2d2d2d2b2d2d2d2d2d2b2d2d2b2d2d2d2b2d2dffc000110800c800c803012200021101031101ffc4001b00010002030101000000000000000000000001020405060307ffc4003a1000020102030407060406030100000000000102031104213105124151062261718191a13242b1c1d1f0133372e10723526282a214d2f1c2ffc400190101000301010000000000000000000000000102030405ffc400271101000202010400060301000000000000000102031131041221411332516171c15281a122ffda000c03010002110311003f00fb8800000000000000000000000000000000000000000000000000000000000000000000000031b6863a1460e751da2bef23cf0fb5684d271ab077575d64bd0695ee8deb6cd04295f4242c000000000000000000000000000000000000000014ab51462e5276495db2e703d2edbceacbf0693eaa7d66b8bfa16ad772cb2e58c75dcb07a41b4e58ba965754e3a2faf69e2a165a229469eeab23db79bee37d69e5cccda773cad46b4a1ecca51fd3268cea3d20c447dfdefd49335c9e77425ebe4351298bda38974787e974bdfa49fe96d7c4d961fa4f425aef41f6af9a38ab32ad3cf32b3486d5ea7247ddf48c3ed0a53f66a45f8a328f95b46561f1d520bab524bba4fe05671b5af57f587d281c1d1e936223aca325fdd1fa1b1c3f4c3fae978c5fc995ec96b5ea71cfd9d5834f43a498796b271fd49af5365431309e709465dcd32ba986d5bd6dc4bd80042c000000000000000000687a53b7561e1bb1cea4965d9dbf426236adef148dcb5fd32e906e7f2293ebbf6df25c8e630d454567abd59e587836ff001257726646e2b1d115d43c9be49c96ee9211bf327c3e456f997976b25542c9f2659bbfec563cedf32c976810a4cae7ebdc5ac4f6fc008947b38f3b91bbc48098092e223c885da46b95c08923aae83e0eca755ad5eec7b966fe5e472d4d3d2d9fdd8fa4ecac37e1d284392cfbf899e49f1a7574b4ddbbbe8cb0018bd0000000000000003c3198a8d2839cdd92fbb044cebcb176e6d58e1e939cb37eec79bfa1f3375675e6ead46db6ccadaf8f962aab6fd9597625c888452c964b447452ba87979f2fc4b7d97bfd342334c3d73e20b314c9fdf0260c6ef77c887cb25da05a515c0adf92b0f915cadcbd40ba9725dbde5537c89ba0f40152443a9ea20aeb3d09df59d805b26dff00e913b5f257bf3262ee42764d5b37e3e012d974730dbf5949fb305bcfe5ebf03be868ac731b030db987bfbd55d9773c97cd9d441592473de772f53a7a76d212002ad80000000000014a9514536dd92576d9f39e936db7889a843d8f77fecfb4cfe986dfde7f854df556ad7bcfe88e770d42dd67ed3f81b529af32f3ba9cddd3d95e1e94a86eab37e27bc74cedea51a21bf1ed3472f0bb7c75e023f68ad3cedf3e05a5e5d8022c39f0213f3d323d1e9a680562afa664c1f715b72b93dfa81292ee2ab8f77990a59f61295b3f302179f604f52c97df221c3c40a37f13d70949d4a9187193b799496bf237fd12c32739546b282b2ef7f45f12b69d434c54efbc43a3a1496fc62bd9a71f5792f44fccd8989b363d573e337bde1c3d2c659cef5c000000000000394e99f481528ba507d6794edc1725da6c7a57b6bfe2d153b3729cd538d95ecddecede07cc294a552a394de6de57766fb7bcd31d6267cb93aacb6ad751efdb230f4aef7a592e06645e7cc94ad64915923779dad0588496b7fa872097a392ec22a4efdc51cb2bfdf693bb95c03864435c350d7db2f4e2fcb5440a67afec4c1ddf6137b27e846fbeced085e4bcb421b49699896883fbd35092fa59bfdc8bea454d6e20fef40255b8f23b2d9b85fc3c3c21a4aa3cff00cb37e51398d9385552b4619b57bbee5afd0ee692deadd908facbf65ea63927d3bba4a736fe99d18d95912019bb4000000000001c3ff17e36c02a9c2956a73964a595f75e4f2f78d7f47ea53af4229a8c9c7ab24f764d38e59db2be9a1dc6dfd9b1c4e1ab50969520e3e2d64fc1d8f84743761ce78c8d472dc952fcc8a959ef46f0b34925aad1f0296e5be288b52d59f5e7f53fa7d22b6c487b8e50ee775e4cc2adb2eac74b4bb9eebf53a58c720e05a325a3db96fd3e3b7a71f5baafaea51cadd656bf8e87a4269e963a995246057d8f4dbbeeeebe71ea9a466fac39add17f1969229e7657b10fb75bf79b0a9b266afbb2525ca4adeabe8615584e09ef53925cd7597a1ac64acb9afd3e4af3088a76b5fd7222d73ce8cd4ad67aeb62fbbc116628b5996c9f9871b3c825e362479ca7dba17e0edc1685631ec2f04b8bef040a45652b6a39f3108ef5b9b7656e240ea3a23864a33ad2e3927d8b393fbe4745b2e2f7379eb36e6fc745e0ac8c078650a54e82f7ad07ddacdf927e66e9239a6773b7af8e9db58aa400434000000000000433e5dd33c34b038c58c845ba355ff352de769db3b474bcacb37a35da7d48f3ad454959a4d72798d6d313313b8701b37a5985ab92aaa32e53eabf537b0aa9e8cf3dabd05c256bff002f71be30eafa687395fa0b8aa09ffc5afdb66dc7c2d9c476c29df68e637f87521a3899edbc761b2c4e1db5fd495bd55e3f036381e9a61a7949ba6ffbd5979e8566b298cb59f1bd3a37128e991431509abc649ae69dd1ea55ab0711b3e13f6a29be7c7cf535d5f627184e4bb25d65f537f621c498b4c712ced8e96e61cbd6c3568fb54d4f3d62fe4cc778949eee8f94959f933ad940f1ad858c95a514d726ae6b19a7db9efd1d67e59d39b6ed97ec4b7c757d86ceb6c58fb8e50ee775e4f2302aecdad1d3767ddd57f4348cb5972dfa5c95e3cbc24d676369d16c2efd74f8416f3efd12f9f81a5ab2dd769a947f52b7ae876bd1ba2a961dd597bcb7dfe94b2f4f8937b7fcf8306399c9e6386d70cb7ab4a5c29add5deece5e9ba6c4c3d9549c69adef6a5d6977cb37f4f0330c1e8c00009000000000000000005800292a49f0345b4ba2184ad772a31527ef43aafd0e8013b44c44f2f9be2bf8773a6dcb0d5dc5f27d5ff65f346bebe2369e17f328fe2c171b5ffda3f347d60ab821bdf2a7c3d7cb3a7cc303d38a32caa4654df1babaf35f33a1c26d1a5555e138c9738b4cdc6d4e8de1abfe6528b7fd56b4bcd66727b4bf8690f6b0f5a74e5c2f9faab323b613dd78e7cff8df290b1c64f67ed6c2be15e0bfcfe92f89385e9bd9eed7a33834ecdaeb7a6a57b2568cd5f7e3f2ec5c4ab81afd9fb7f0f5bf2eac5be57b3f2d4d9292655a44ede2e827c0dae3609fe1d14b29495d2fe9866fff0095e262528de4bbcd86016fd5a93e11fe5c7c3397ab4bfc4b555bfd1b3001640000000000000000000000000000000000002ae08c2c7ec8a3595aa5384d7f7453f533c01c2ed5fe1ae1aa674dca9beceb2f279fa9a4abd16da586fc8adf8915c2f7ff00597c99f5522c4ed9fc3afaf1f87caf6774a3174aac2189c366e4926af0bb792c9fd4fa5ecdc37e1d38c5e6ed793e6de6df9b6644a09ea932c478f4b5626399d8000b000000000000000000000000000000000000000000000000000000000000000000000000000000000000000000000000000000000000000000003fffd9, 6, '65.00', 'WMSU', '2024-12-06 14:22:49');
INSERT INTO `tblbook` (`id`, `title`, `description`, `category`, `book_condition`, `book_status`, `image`, `user_id`, `bidding_start_price`, `meeting_spot`, `bidding_end_time`) VALUES
(26, 'IT Basics', 'IT Basics', 'Educational', 'New', 'Sold', 0xffd8ffe000104a46494600010101012c012c0000ffe1007d45786966000049492a000800000003000e01020033000000320000001a01050001000000650000001b010500010000006d000000000000006f6c69766520677265656e20626c616e6b2068617264636f76657220626f6f6b207769746820636c697070696e6720706174682c010000010000002c01000001000000ffe105a2687474703a2f2f6e732e61646f62652e636f6d2f7861702f312e302f003c3f787061636b657420626567696e3d22efbbbf222069643d2257354d304d7043656869487a7265537a4e54637a6b633964223f3e0a3c783a786d706d65746120786d6c6e733a783d2261646f62653a6e733a6d6574612f223e0a093c7264663a52444620786d6c6e733a7264663d22687474703a2f2f7777772e77332e6f72672f313939392f30322f32322d7264662d73796e7461782d6e7323223e0a09093c7264663a4465736372697074696f6e207264663a61626f75743d222220786d6c6e733a70686f746f73686f703d22687474703a2f2f6e732e61646f62652e636f6d2f70686f746f73686f702f312e302f2220786d6c6e733a4970746334786d70436f72653d22687474703a2f2f697074632e6f72672f7374642f4970746334786d70436f72652f312e302f786d6c6e732f22202020786d6c6e733a4765747479496d61676573474946543d22687474703a2f2f786d702e6765747479696d616765732e636f6d2f676966742f312e302f2220786d6c6e733a64633d22687474703a2f2f7075726c2e6f72672f64632f656c656d656e74732f312e312f2220786d6c6e733a706c75733d22687474703a2f2f6e732e757365706c75732e6f72672f6c64662f786d702f312e302f222020786d6c6e733a697074634578743d22687474703a2f2f697074632e6f72672f7374642f4970746334786d704578742f323030382d30322d32392f2220786d6c6e733a786d705269676874733d22687474703a2f2f6e732e61646f62652e636f6d2f7861702f312e302f7269676874732f222070686f746f73686f703a4372656469743d22476574747920496d6167657322204765747479496d61676573474946543a417373657449443d22313039343539343732342220786d705269676874733a57656253746174656d656e743d2268747470733a2f2f7777772e6973746f636b70686f746f2e636f6d2f6c6567616c2f6c6963656e73652d61677265656d656e743f75746d5f6d656469756d3d6f7267616e696326616d703b75746d5f736f757263653d676f6f676c6526616d703b75746d5f63616d706169676e3d6970746375726c2220706c75733a446174614d696e696e673d22687474703a2f2f6e732e757365706c75732e6f72672f6c64662f766f6361622f444d492d50524f484942495445442d455843455054534541524348454e47494e45494e444558494e4722203e0a3c64633a63726561746f723e3c7264663a5365713e3c7264663a6c693e5265636562696e3c2f7264663a6c693e3c2f7264663a5365713e3c2f64633a63726561746f723e3c64633a6465736372697074696f6e3e3c7264663a416c743e3c7264663a6c6920786d6c3a6c616e673d22782d64656661756c74223e6f6c69766520677265656e20626c616e6b2068617264636f76657220626f6f6b207769746820636c697070696e6720706174683c2f7264663a6c693e3c2f7264663a416c743e3c2f64633a6465736372697074696f6e3e0a3c706c75733a4c6963656e736f723e3c7264663a5365713e3c7264663a6c69207264663a7061727365547970653d275265736f75726365273e3c706c75733a4c6963656e736f7255524c3e68747470733a2f2f7777772e6973746f636b70686f746f2e636f6d2f70686f746f2f6c6963656e73652d676d313039343539343732342d3f75746d5f6d656469756d3d6f7267616e696326616d703b75746d5f736f757263653d676f6f676c6526616d703b75746d5f63616d706169676e3d6970746375726c3c2f706c75733a4c6963656e736f7255524c3e3c2f7264663a6c693e3c2f7264663a5365713e3c2f706c75733a4c6963656e736f723e0a09093c2f7264663a4465736372697074696f6e3e0a093c2f7264663a5244463e0a3c2f783a786d706d6574613e0a3c3f787061636b657420656e643d2277223f3e0affed007250686f746f73686f7020332e30003842494d04040000000000551c025000075265636562696e1c027800336f6c69766520677265656e20626c616e6b2068617264636f76657220626f6f6b207769746820636c697070696e6720706174681c026e000c476574747920496d6167657300ffdb0043000a07070807060a0808080b0a0a0b0e18100e0d0d0e1d15161118231f2524221f2221262b372f26293429212230413134393b3e3e3e252e4449433c48373d3e3bffdb0043010a0b0b0e0d0e1c10101c3b2822283b3b3b3b3b3b3b3b3b3b3b3b3b3b3b3b3b3b3b3b3b3b3b3b3b3b3b3b3b3b3b3b3b3b3b3b3b3b3b3b3b3b3b3b3b3b3b3b3b3bffc2001108026401d503011100021101031101ffc4001b00010100030101010000000000000000000001020304060507ffc4001801010101010100000000000000000000000001020403ffda000c03010002100310000001f6600000000000000000000000000000000000000000000000000000000000000000000000000000000000000000000000000000000000000000000000000000000000000000000000000000000000000000000000000000000000000000000000000000000000000000000000000000000000000000000000000000000000000000000000000000000000000000000000214000000000000000000000000000000000000000007149f05e7f3d9f777dc00000000000000000000000000000000000000313e54c79f63e56bcf469d2d7aecfb684f433748528000000000000000000000000000000001a24f86c7c179f16f3af576b5f6a6bebe77f526b64428a190282800000000000000000000000000021f3e67e13cfe35c7369d3abf673e9f626fe84a96a0a5a004805260baecccdc6264640000000000000000000000d29f1e63e23cfe76a6fd6bebcdfd99bee950aa5042c4158cbccb0c92594cce7b9e1b9e1b9e2b8ea97d679fbe84d49a1304fb97d400000000000000043e74cfc579fc8632d5fad7d3ec4df74a816852417034ac418d536a7127cfb8e2b9e4679ae328d919c6658910c571ad92fbdd748000000000000039e4f90c7c479ebafa777f59e9f42514148632ea210c56a0e2b9e467998e667959a9b228315c48800020374bef35d400000000000189f3263e331f3d8fa37d3eb37f45aa500c25c48626935b3a139d9e799e4b9d2cd44b8d60801621615052029480dd2fbcd75000000000003e067c7e1b1d7ad7d47a7d46f38b48c174a7326899d49cecf2273a617230210c92140053100a4050085290c8debeeaf5000000000003c04e5db33d0df535b5accf94c9399302263588202841429280014101410a5008500e95f737a800000000001f9fce5d294c1705da9c476000000a020a0a429014c8852100050954010eb6bdc5e9000000000007819cba198b81835b59e1b7b60548a21902a40500a0a62b532202a55262b5214280290ec6bdbde9000000000007849cdc6c8c1703633c577db25214a4284a01014a5062b9212916a52102d080b50b01dcdfb5bd000000000000f0b39b898c9752e06c4e1baee900c9040505214005290a80428585414814508587d16fd9de8000000000007869cdc2c55d6b81b1385aef4009410a4294854a451404a02e26442a08b52914003ea37ec2f4000000000003c4ce6f9cc170305cee789bee929500000005405a91413321148290a4322102d428fa8dfb0bd000000000000f1739be6305c0c17633c377dd254a085052000a80b0c804140008520280014faaf4f5d7a000000000001e3673fca79c5c0c5736786efe84cc3252085052101924002d2a0a0800290c8800214faef5f5b7dc00000000001e3673fc97997130361c575db325a82a45041548294c405a82800a42148500a010fb4f5f577dc00000000001e3e73fc779c5c562669c4df6b2052a40a28410a5200b920a6252148000521910a43edbd7d55f7000000000007909cff0015e65862b927135dace40150b0a441402558154129014c4005290c81003eebd7d45f7000000000007919e1f12f8d9a862b1392ebb59ca405a4414a4040500a45c9008428214045b600853efbdbd35f6000000000007939e1f09e55713155cf237dace496200b522e49012ac4a40c804aa48000a000210a53d0bdbd2df6000000000007949e1f09e51618554e56bb19b154020a45a8a850205290255c0a0a8502848b122d29e8dede8efb000000000003cb4f1f80f12c35d669c6d75a671014a8214031ac880b19100042a08b505040a400be91efe8afa800000000003cccf1f36f0ad626359c9c775d499c5090c882914a6354b10b6250001424580a94850400f4ce8f417d400000000001e6678f9bbe166b031acd391aeb4ce00c92148a4a0c6b28948558801414844ab08640208169ea5eff0076fa800000000003cdcf2f337c2c60b8564732f626502a5214850082a1442ac014885048b002942522d3d53a3eddf40000000000079d9e5e5de192e26bac9399aeb4ca214a8580c9298d9172884a16159401080a40428085a94abea9d1f6afa000000000003cfcf3f2d79d2e261591ccbd519a4295228a949400080a45290216a4315a44b6a450b142fad747d8be800000000000f833cfc9b9f25c0c6a9cebd06c905040948504a00588505010011441594916a2b282fad747d7be800000000000f873cfc8b9eae26359273af41b204290a42912d48565004282a40429096d8000a548b57d83a3eadd800000000003e24c7907364b81856673aef4db031332202d224a450646348a54102e359480a214005017d8ba3ea5d800000000003e34c78e731a26aac8d0bd26c92522805410a4ab029002594402c00a01410142fb3747d2bb000000000007c898f1ae72e0636646937aec920282a080116a5210c8150b0100290116a5214a53da3abe85d000000000003e54c78b73c5898d64683746d04282a010028042828202148000b48541910f6ceaefba000000000007cc99f12e68535d5349b9764948942d42c414855022640852101480292948a4a0abeddd3db7400000000000f9b33e21cd08625ad46d5d92500029004aa48b5290a0108a4a4525514208b5017dcba7b2e800000000001f3e67c3b9e262415a8dabb64a002255c4a12ac05094000c4a08a050505480abee5d3d77400000000000e093c339b10409aab61ba052021019245042d429285240010a5045a0a40957ddbaba6d000000000007149e19cd803109aeb35dd208640c4852a00325c4c921485214800016190220ab4f76eae8b400000000001c727857362421135d672ee40000214264451128282821005812850290a53de3ab7da00000000000e593c1b9a18988b308ccda08a42d4189990a01522d2150011482281924510a529ef5d5bad000000000007349e0dcd0d644b58464bb50010a002952290a010528310b520504ab014191ef5d5b6d000000000006893c139f1304c4592325d89402028000202a5290a01028208522d052191efdd79d0000000000034c9e09cf818a624489935b9202029014042c28295042902d48450050014c8f7f7af2000000000001ae3c04e6c2cc162131aca5dc90021910021400014a80531008b4801414199efaf5e400000000000303c0679a56b4c018a64bb4a9010a0005312828054141895610a858500a85ca5fd035d5400000000000627e7f9e6c6b135a522176a1480014004282032085a448b48080140290d8befef550000000000010fcfb3cf85cc3594c5325da900214a4050400a0a00042900214850521b65f7daeaa0000000000021f9fe79f1b3035a52256b6242a00001480140290a408291442800029b65f7daea0000000000008780cf3ebb21ad298a56b6250820280080a0028080b0a4214a9168210a6f97deeba8000000000000781cf3ea4c2b02a4435b59108a2a0004294a0850122814862b5282a08a0744beef5d405000001000003c167c353385982d0ce2d6e6602989414852140280101462000542810191d135ee75d2282800020200400f0b9f0d3730d642b31ad882a4050405040500a40428290800050429d537ed75d1914a50002031218c4001e2e78735ce29828a98aee662900a010a0850080850014a625200002af5cd7b3bd1956452800808626b8d662b003c9ce7e7b9c4d452b31adacc29010a0292821480029002901410abb1aed6bb5aef6bb5ade5aa0a00202181ae352e93100f333c39ee21820c9306b6b314829894800016a4219005200169d4df6b5dadf735d2646452d52828000210c4d71ace75d248a79d7873dc0d685acc6b6331482050042a0a42900285d8bd737dd75dadf6aed294a5294b541400000084359ae359cebaa0be79cfcf703590c998d6690a54c540208b504514a6f6fb26bb5aed6faeb22ad2a0a6452d528280000000086260611ad798d679c9e3cf7cc6b2959c5ad890a086252a45a0c97a5bee9aed6bb6eb714a5294a0a52d5294140000000001010c0c0d52f31e6a7872dc430064ce2d6680010a64bd4df7b7dcd762ec294a0c8a50528296850500000000000004218981aa3cbcf3f9d7cb131322b38b59a4064d74b7dcd7735dabb4a64529414a0b4282828050000000000000002031313447c363e43cf4334256fb5aed6bb9bec3682832294a2a94028050002800000000000000000801890c638939d3a17ad682805051541400500005000000000000000000000008000400000028000001400000000000000000000000000010000000000140000000000000000000000000000000000000000000000000000000000000000000000000000000000000000000000000000000000000000000000000000000000000000000000000000000000001fffc4002d10000004040602020202030100000000000001020304051140102031323450123313301441152122248023ffda0008010100010502ff00ae5d8b6590f4d1661879d388ed4cc889d98b480f4c1d741ac1b821abf3ae68d57ca63118d7af71e6da27a6940ec4add352c556a0dc3add36a54e9844b184843686cbb0763996c3d3271414e198ad4370af3e1a94186e021d0342c282997fa151fde0a75b48fc8484ad6a3a910f34902511dfadd4344eccc883b16e3a0d750dc33ef06a501b8361bc94ce6a221f90d0f99663ff00731e0a31f0a01250d85c5b280b99324153330a8c75420166a8c375b4838b6081c7340e6240a6153b7763996c3b3175414e1a8d0c3cf06e54661b8361ac6998d4491f3a079b8628f18f8aa0996881abc4971b0e80b9ab04153770c2a362dc147963f1d63f1c7c4821e2d10aa08798f33153c1bf65a38f36d076661d8971d086dd74372c5986e0986f1a64a910f9923cd6628e8f120486c829e4a02a3d820a991038e8a5052e29c06c54fe1688113443c887c863cccc54fe96fd96266444e4c1a40763de582f3714dcb9d586e0596c11116535a48798ff00330640cd84838c6881c7241c6038c701ba6a1540f31f218f23b16bd960ec6ad414a754b6e0de70372f6921294a4b1f206f2081c5b40e35a1f9f40a8f742a29c50376a3cc7c863c8c56c8b2b1eeb059d1e27025f520147ac87f2540a992544b99bc4b5453860dda8f31f218f23bf87e4583def15078242b7d8feec6179361125fece44e8adffae8a13956115ca078a76af774705cab08ce66060c276ab774703cbb08e2ff00731309daaddfae8a0397611fcdc89d17b8b4e8a5fcbb09873303c13a2f7169d14bb976131e6644856efd7452de4d84cb9991017b8b6f452ce4584d3979101cdc5b7a295fbec26bc9c4c242f7276fd05752bf7584db9391217a96db92c6b9a55ecb09b7bf2202f54ede8a55bac26fedfd03c13aaf54ede8a556337de581e080e6a9dbd14ab4b09b6ec88d5cd53b7a2956cb09be546ae6a8dbd14afd56137d322372f54ede8a57e9b09becc0f04ee73546de8a57c7b09b7ab227739aa36f452ce3584d7d181e09dceea8dbd14b78b6135e3e446e73546de8a5dc4b09af1703c11b9cd51b7a297f12c269c5c0f04ee73546de8a03876133e2644eae06f6f4503c3b098f0f22757037b7a282e2584c387913b9c08dbd09083e25847f0f227570236f4509c5b08ee1e44ee7037a7450bc6b08de1e44ee7037a7450fc7b08ce2642d5c0de9d09063d16115c5c85b9c0de9d133e9b089e31e42d5c08d3a26bd560ff1f216ae06f4be2c8dfaec1ef4642d5c0df44411b2c1df51e42d5c0df445aa76d839eb3cae06fa22d4b4b05ec3c0f173547445ad8ab69e42d5c08e893bac4f43d7120e047448df64ad7120b08e89bf6592b762417aa3a26bdb64bdf91611d133eeb277d991611d133efb27bdb91611d143f23eda8a8a8a8a87bdd91613af430feffb6a2a2a2a2a1ef6e4584df25b5a82605e504cb422059484b4847dc60c5454543bedc482c26e488221dd584cbdc30997364130cd205296460f23bedc7f6a056a942941106f28265c1304ca425b426e0c828b17bdb8fed413afdf40961c584c03a6132f4104c33490454bca03206583feec8a09fb088cc2615d504cbd41302d2425a424530a0a5f99032111efc8ad4be8a198442bab0897184c13290484a4530a614e8a80d35116d292f62417a96422330986754112f504c1349096d29c69d4d02db2593d00616d2d028082825b5984c1baa099704c13490969291414141414eb680d0461502ca87f1ac86e0da6c7810f114141414141414ff92bffc400251100010304030003010101010000000000010002311220405003111310305121802232ffda0008010301013f01ff005c93d22ffc41c7bdb97008bcfcb47f554bfe8eccbd1713f1d201525523645c022f3f21a831523665ff0088b89f8a5062e87d9d2fe5bd85e817a7e22f7264fc5415617a055e417008bcfc069418ba1f574bf9f1dfcd415617a2acaefea138bda2ff00c5d928350620d1f47575417a05e8ab2bb3f789c32f08bcae894188347d75355617a2f42aa76289c173d13da0c28305f505e817a2f42ab72ece589c174fc0710ab2bd11e4fc55955b9767442705d36942348d9c17cda508d236705e3fb6942348d9c17cda508d232705f36942348c9c1e4ffd5c2349c7383c93694d8d271ce0f24da508d271ce0f24da508d271ce0f24da536349c7383cb36942349c783cb694d8d271e0f2da536349c783cb694d8d271e0f2a1614d8d271c60f2dcdd271c60f25a53749c7183c9173749c7183c9173749c7183c9173749c7183c9173748c8c17c5cdd232305f173748c8c17c5cdd232305f173748d8c1745cdd236305d173748d8c1745cdd236304c5cd47462304c5cd47462304c5cdd20c1317351d18c137351da1b9a8ee9a8ee9a8ee9a8ee9a8e88619b5a8e88619b5a8e88619b468c619b5a8e884e19b423a26ce199b423a26ce1ba6d1a36ce1ba6d08e89b386e9b4239d495e65798548c474da11c9e950579aa064ba6d18d495e65798548cd74da30830af35405d685d36847ece8aa0af3548d33a6d1f4f45799540548d53c5a2da4af32a80ba1af2c45a7e42a4af35405d0daf415210007f94fffc400201100020202020203000000000000000000001101124050102102303180b0ffda0008010201013f01fb76b731e22824428da22bcb1ed10b863dad451031e1a92a2827e33d0863c15254e87058b1691ce723a1e0b82c391e8970fd6f66ff00638fffc40034100001020306040406020203000000000001000203217111224050728112203132305161911023334182a11362048042c1d1ffda0008010100063f02ff006e6f3a7e41590c700fda69e3333e7d736b49b15cbe559c560f26a9a9263cf6874cab2135d10a937f89b995f700ac86ddcabce2e532a424a41ced215ee18759956bf8a21f5563181b4cc6cb788f9052b83d3aab6df75216a9349a2bee0dfd956f0719f372b04bc4eaaf3c0dd5d0e751abe9d83d4a9a995238fb5ee017cb6dbeae579c4fa7d97fe2b8c979ab62bffed49969f374fc39b8052771526ae4076f25d18dded538c7f10a7c4fa9526b18a7186ca5c4e572180bbaca26f1127af5537b46ebea0d94838eca50cee5760f7c4596f19f26abb6307a7556fecabac257cd7ec14980d7c1990148976916abb04fe454dec6ed6abd15eedec52840d66a64354e30d95d639cae4303f6bb88a494ed35f84dc1777c24d5d390570b7de02f94dddcafbcbbd3ecac630af98eb176da7ccf81236e99a9433b9b17735bfb57a2b8ef629430af3dada95f50bb485720b8d4d8aeb1ac57bfc8228af44b579aed5268f11b5c15a4d8aedf3e8a47807f5575a5c55b10f0ae9c55521cb32a4d2bec15e89ed253b3f25dc17fcceca50fddca4e6b6815e88e2bb549a306dae048856047f9389de4ba708f557ef9563459cb373454afabec176bdcae420375d5a14e23b692ea4eeba7c3ae219a8605d5f849c42ea0d429b41a15f2c4ff00b2e1e2fd29c4729da6a574c861ea18189a8f30c921eac0c4d472a875c0c5d59532b81895ca998189ca7256605f95377c0bf6e53928a605d41ca725db0269ca7253a703f8f29c95da70234e54ed3816e9e608646fa6059a72a8981669caa26d81874e7191c4db030f7caa257030b7e7191beb8185bf38c8dd5c0c3a9ca9dab02cae5475605bab2afcb02dd5950ae046aca85703f9654cc0ef953302eae550f02ecaa1d302fcaa1d303132a87a7031299543d381894caa1e918189a72a66918189a72a653031349ca9b4c0bf49ca85302fd3950c0ba99d9a67672919d8cedb5c19ca1b5c19ae50cae0dd5e5391b2b837572865706fae50cae0df5c92eb495d2caabcff0065d2d575a060dd5c824c2af1015e24a930621d5c5c9a4ae96555e7fb2e96a9340c63ab87930a9d815e712a4c190babca7c592ec579c029da549a325778dd176abcef65d2daa90032927ec7c2e8a4d578a9cd49a065b610ad87ec55e691c92695db62bce5d2d5268cce6bb7e126ff00aa7fffc4002b100002010302060203010101010100000000011110213141712040516181a191b130d1f0c15080e1f1ffda0008010100013f21ff00d73694bdf32652ea3b884eb5a6ddd77fd66a4916ad93ebc2b2f926be081daa3610b18efa8e96d41b3716e8ee14224d87787fb26c4d12bfe748bb6ea5e24bfbc127de1d909ea76441c5d584421cf4ff006231a284ea4ee16200bec827ab27a22e43223513dc927fe460934f3df649a75e6fc89e684ead7675fef781f5abb6df3815bed5ff00e431937519125109168912b4b97da8822c499a4a6a76264ec247b5212fb7bec4997eba27e10f3090d694a5d588d3434f10f9f8a37bb2697c697c1885e8b06bc2f81905793de0b9027a2bbf447b4a8165636443642934f24adc9ec2995039e24f457f43507bc3ee4a3db6fd0fa596bf64b8ef6d7c0825675883f616613ea43becdc9fe544877592e6ec7b8c43563c989fa3fdcff0a50d4a86fddcbb70a59269e69ec9d4de53e44a0db6f525b1cf997645f9697f3fd71629c5ade58bd10952e632c95d18ba50f764fee4fa1f70217ed8fd216fd069f0a507a194b0eb7be44da2ef632dbb5ff46543bd8f7752346dd81bf33bba44dcb48412ce67e0e81b2658f27622f03eb933cb1b2ed972abe7b4ea215bf9ba0d2c1d16f80c243645f52bd15d97d5e722492848bd16a791dc3f63c32ba27f83ecf527ec933b342770efa7e81bcb0fab57f962ab1f611ad8ee33d8f50c5f6cdb3e0a2c11239bbb923cb9096c1ac5d385b0f398dda9349a58d0d697ec39281245ab2694d5e1f24ea4f432f916e21e596029d32ccf4dd4a08425d8822926005bb24f37c47d9dadf72751da01bcc8fab7ecb6af1cbfa19c7823f674cf9bd1eaa17c79491e27b895601dd1bf57f349ee3942a492315b4a4dcef266e2c520f5fc8aeb2ad2eecb193a9b622bf7ff00a91ad9f72c88514eca2b234ebf07ad045f28fb399a1dd590f06ee1bfa6a4ca240cc92eee416147d42612ea4ba62b23247d49d298b8f122a41a518af71255fc4f22e7275fd8e7a9ea19d1309aef9e080b16b86080923ac0caadac3f37943b547d581b32c97af02e146a638668b7304d1669910e1519a17a3f89e46d574fb84c6d0341236b7c0f24cbd2f2362cd13a2e1b934ee7c37c4d18f0604ee4d132dc175dd1c8c1fdd735c8e4766332988ca0b737246233c3dcde8abad24cd3064d690a906a2c091e481e64bf63c8afc8144de863252309a2b924d22ab3451a8f8f22bd2299e0f05eb6833a08791b2ee475a2d4b08250c668a9966bc0b8b4e05925a1123c64925c89de889aaa4d305dbafeb91f9a5f421e06e341a9318a881e0d0822926879248aa4493481e298a6b4987718b61f616298d6a9eefa7c8ac7763e90dd1eb4c88c262a78a66b7926e3da8854b41bd302252d06c763410eeab027633726b2a976c7d3915f8be94b990e93018e92634249b53ec8549e1995453ad3242ab6a6aaba5e9a0b023e0bbb0dc8c773e818d8cd68631622a628ac279a2c531717023731c1ad37aa228c91e04c81d85f7f236ec4cb1e47d47431182f4d8bd335bc916328f1c0ae64c520c31bbd5c49966246c965c9b9a559ef3fce453d0683ea3a980bd0421669041df875112235a453b0e8e987249a114c55f71a3f93bae46cdafdb1489da070606b311626c4d8c1a93f04f13512ace4926bd8d4ed479a65d510441ad245bbfcbf229f07ed8a8d586ba8f77b70a97e04c8a7d97353060592385912f34d4664e92b8099962c9e8bef91fe9ee771218d9097b18cc1b11c1e6ac54d4d4cd11ad5e0d0d6ae1629144456e6a4999d97229fdba8a18543154b6318f66c4dc6eb775c9a5e99660cd7cd58b036225d5934b9361cb160b085fe37e453e60c6a2512ef630d360cde935d68f0470771620c126f474822be04396a91245cd88ec6c67ff33c8e6f6ff02a3b8d9f451c46456aebda8b348a7534a3ee6a3a45714c93462c922ee4d8ca11616e7a8e47fa78151e68de861a093532cd0c8d183cd6043d8465daba9ad2785bb11dcb522926a2816ef6f239ddff00c09c31c0d6a32ef0318b431a5308561518b1446a4515a88d44cc8cd33465a9a51584eb1448fef8e45085a132c484345a3018a969ac5353422d735a605c13a18792d5bc6698771ed5d2923778e0fe0ecb91cfeffa164d46c6e962309a8a934460d69a98249834160cd12efc1ad225e4666b822b17c8848dc7d2e47fabb0878a18f69f696ac9045334d87d292685a0c08d29af045649bd247588bd35a267dce457faf462cd8791d309f798c4ec3b172f03e86849a7058b51a45a9dcc8ea88bdcb8878c510e8cd28b1b9e453e0fd311ad4d68fee6237a6a59a8ada69a52f4469483434a3548a5b536209a41df820f7df7c8e1d94d4c26988fb0c43c5174a668aab028ae6991234a638916f3466b5d047dcfbe4525f68a8c65b332f3c041ac0b22a43adc5c08d697a6d48914574e092690a058f2fdf22b3b0a60d298d19791a8c534177a2151892a584357a4b15743526f5d6aa99a40b1127acfef9149dd5f63a694c025fcf14c9e0daa90fb52382c64d4b0a916c53434e5c1f5fec6334198ccbcf05069c1b084e9315d383b5343278a62890f238190e8f02e497d65f631d1aa1feaac8c8b8d4d2454c2a64b0ff026629a08d2899a981f632cd4f49c8ddfc323ae860356f46088334754223834a64c77a6b48112244648b103484876648cd447ace48dc52478319ab7a13543c10408cd2291c1077a761e09e09b13456a44d30a8fe474e46fdd0f235468c5b99bdc48a741bed477210b875a6b4d4b534fc38e19d047f33a72376f8c8641d44b4cfcd66c8a76209aea4d35209e054c914d0bf0c937aa47a5fae46ffe0b0d1782591a9df32f3c464935c71cd269a91c0a91722f56352208bc895cf4fc8ff53a0c7c0b5dee606bc31474d4ec6a61d110475208a6948151d75ac8b2647a2e47da7d086e44d30899dcc0d47b53411045c8a6b6adc559c70e4d29ae0488b8a29a55180f4391f6b43a31650d77b987040ac4585b70695bf02a22dc0a69348aa11877306dc8fb2321a168b24a5b98d2464f15ab14755c53c115d454c7b8b0b91f42a68660327b9e6694913e0f06847e1d846bc68d6915f68d391c86419361992464f731a3a6303b982496274d8cd18ab10854d6b9a64b48b354694b93dd727946347832466f7ab5a40e98a251f864445e89f51dd5734d4782e2a2773d2726bf251d32336e6fa416e1c702e1d0cd5da9a55705a48a213e1727ee866f459337b92917048aba550b3c3a89518a38119a418aac976c7934b1dff63c0c62c998ce8b078aa17e35567726c451706b593d5fd93f92492492492cdffd923b8f223266479aaa2440eb8558b98a2cd13269765aba70e0cd3d193f8e49e207b9fb1d18b264e9470c8eadd8d0812a6959a45117a4d8cafc08d6d4425f898d8f85fef68d5862c897667c1d87566c2a499a4db8d534a28e95893d3a233cbbc7ff0038651dfbb3ea13f1b18e868a887baa3199097625c7c524f05cda8b06a3acd6f463c293db276a62de81fba424c124410411f918c4146488f703268ae35198f3c13474d4d455759a6a6a36f885448efd4338cfdd9e9717041041047e568686b847d851d10c9f0b159a6b4f3444084cccf0f06623ea02c6b63bdc4e09220820820820823916868625236416513c0c5932190ea98ea89bd2069636fb223e1977761ef4173ee0b30fbc08454820820820823946868689c819ee181b1f4164cdb19a19a5351d56348c33a5dec6447d8662716cdb151144510410410410411cbc0d0e89107b9c19993634d15308c6744bb8c634630f79f4f041144104104104104104104736d0c3624d32e9b216df1a310591663b99d5e0cf79077e8339e43053c71020820820820823fe1411427844c77314fb0dcf53077912b0bf0a0410411ff460820820823ff07fffda000c030100020003000000100000000000000000000000000000000000000000000000000000000000000000000000000000000000000000000000000000000000000000000000000000000000000000000000000000000000000000000000000000000000000000000000000000000000000000000000000000000000000000000000000000000000000000000000000000000000000000000000008000000000000000000000000000000000000000001a500000000000000000000000000000000000000010cbd850400000000000000000000000000000000001c024a93ecd30400000000000000000000000000002283142e7f926ff00baa4200000000000000000000000582440b249ad94b6a5522ff90200000000000000004d7f10bf69eaaeca2bd7725237a3000000000000000e2a30d349c9f5f48ca28502da2db580000000000009e75cdb6a4da02292a14906434d84dbc00000000000121c72f59f7da0321a4d02da6dd69b6820000000000013cf9b3d7a6992d62da5ba2b23080502500000000000092c41e9a21201c927dbd88022e0b0402000000000000665e376f9689b74d2ee664a0c34880034000000000000c31b897c80bbddf5cb2e4526804c225800000000000179df4db35fbef359213ff48469f80204000000000000d46fbedbb69ecbf6b64dc5966e36a610000000000000685aa56ef3f96cfbdf2e7a7fb7daf1a90000000000003adb319b7d25964dec87eda4b25febc9200000000000092f9c7d3c964b67dfd1b4f64de49a55c000000000000e9b683cf7cbb4df5defd6c96fb27b298000000000000327369fdbfd93ff00b7f54bfebf7dacb274000000000001badedf64d2df66c7eb7dfbcd74f2593a00000000000189e782fe5df7ff00e9f796db25f6e12490000000000000593d642dfdf3ece9f77f7fdf4964b6da800000000000759186f4b3ed3060fb2dd64bec93cf2740000000000036689212d9bed2804cb2d937bb7b66de8000000000000fbc5db93ef97940b5492d93db37dbcdd000000000000f530496936d24a21aadbec974ba5ff5880000000000069d5922cdb6de5a4883db3fbec96ddac0000000000003e6c9816d96cd5bf4982db6cb2d93dfb400000000000182d65cdefb370001e0b6cf7f971c9ffb000000000000ddb32c7d6dff00fa1b56d967fbcb46bd7f8000000000003ef834b6f2d971eac9ecfbfd859349e4800000000000373ac956cbf495eda1936f47f2cb2d96e000000000001fa54c0c64b37d059e4e9fd6db26f7ed30000000000006962087b25ffed7dba4d24de59eeff6d0000000000007db817bd96edfddb7b7492cb6ed6cfae80000000000027ee4a3aed75fbe92e96dfe7fefdeeda6000000000001ff00de19facb2dba7ba692e9bcd25fa7e30000000000006bf74c7d2df6dd2dbf7bb6ded9611f338000000000006adb66acb6df3dbafbf4db7fbffa0a58800000000000116bb212ea2f7b7d67efc9bfdb5d0ec0c0000000000018f4994935f26fbcbb6da45b53f0b2d0700000000000077a5374d7dff596cf2cdb3bb591c2c978000000000007b7f8b6ddbede4f3db7ecaf9b53a2001c00000000000389754bb4b24da49becb26bc9d7dc8244000000000001c4abf6aadd7eb7d9e4dff51696ca400800000000000058cde74a6db75b65b644c17dc3003086000000000000060bdfa3fb4b6dbbc94a49f15724b2c40000000000000781a5ea2dfea359374182e11c120220800000000000015adeefb3badd2cbac0002485659415c000000000000880eb251fcd3e96692104b5c05288c3c0000000000004f235d405bee67dadb206822386012d600000000000003563cb9fb37dbef25a0b04935929c27920000004924937b13eff006db6dacb00ad03575590ca708200001040249a01db49e7036936f414c042fa38012a890000410bedb40e5bb5564df69edbfeeda8279a658ce48001001f88238326ff007fff00d7cf3cde52599b44014e704000800e21375849cd36fbff00ff009fe961eb84583f6e490000090372b6a0ab66bbf924be69ff00ec3a86cb6da02000000082f65a446c9ac9e4bfcfa588ff003693fdb90400000000012b46eb326f7cb65d2426e5feff007ff920800000000004829d19937fbe4b22402df7fb7db6841000000000000009296a6cdb5f812dfdbefb7cd30412000000000000000082174c084a1befb6dda440201240000000000000000009048d9aff007fbee9804800920000000000000000000000024004800124000924800000000000000000000000000004924924924800000000000000000000000000000000000000000000000000000000000000000000000000000000000000000000000000000000000000000000000000000000000000000000000000000000000007ffc40023110002020203010101010101010000000000011131102030404121515061807181ffda0008010301013f10ff00ae516c272dfd8462be0dfd21b20931a784ff0087f49b4ac4f85832e893b3f1427589424957f4818a1b9b21b2519e891cd0410b0beff01b4ac48b0625f82764362571a4d92f48fd1f09259f46ab6348ff0021af476fec6d21a7d3fdcfc117aec580d5225bfac628fd44ae14a708fd129784bc1b6f0d36c6ba1bf886ff0046cede3ff87dcfcc4e28eab456243bc31d0df4437824423e7e12c7f6cf8869f4691fe46d1b0fac87fa410b75991be3a680c56033d12da1907c27f06e2d8d16c6b1af886da1b3d3efac847cc4ed789e04f8e8b690c4b1c10b124ab481b4ad8d7e8fc47f847e087fa135b21367c2791e5ef38aba3662818bdc4dea14904d532367a365bcc8df498b78d2be8fcbeb4ee13c34f46d1119a605c13c6f3eed3bd7d1fa18859a6a4e93bc178ae792f15f45bec5a5359f33da368da9e8de48b0b50fa4b856d5f484c597b4b8fdd632f57d95595c227ad395d675b2f7bb197d67f334c5ef6166382ee94859a0d931be67d2bba3408acd317b9f997aa1ed1c687addf46cb1385a4f999e18e09ccecf5f7d1b21694d08ddf0c66489d2758d3df47c0b138a6077a3e8ae39cd5f47c6119a62f756465eb24f52ee8d1142cba2a3bcc6cfb57746a893ccfd22a3d165eb3d7bba3563ccb287ba2d5e6382c5df6ac2cb7f0a8d7de1f9a3e3786f33dc474507787881213e28cbc4e9f46477958df077adf33e17ddf6507aff00ee232b2fa6b1f0a7adba13e0f82757c13cd4f46d1887874507d16f4588c470d94f46d1e8f07c2f85f0ae0afa37e7dc78507943e18c48f31c8f4afa37eae86f83e4597f0be07c74f46d1e8e8a0fb51c34f46e1e8e8aff0001040b15746e1e8d7ce69be49270b82ae8dc3bc4e1d08323ab1ac6e8a2e8d83d1d616d568f2b0fa88a2e8d18f475dc2348232855d1a31e8e8f594f1471bcce6346215745d0ef46be7293caf890ba2e8788c3d88d9e8f11b2cc65ecafa4c789c316f8cf11cb1c2afa6ef5f5840d69197b2c47121bcbc47516d1e45baea3c4e96e9d864e1967a98891e5eb3caf6b74ed88cdc621ed398e45c4cb2e9db465b29e15c4b96ae9df5b89f355ceb81ed474eed6fb27a73c5474ecd6e3c3d90f59d208e48cd7d3b35b9424be29e68e05f9e9d83d2e53a7397bc09fe0bd048b12fc212e9afd0f4bf6899d09e2fdb124492aec5e3cb2e3dd73265217a0bd1893e776ed6e3ac3c3cc70a4fc19f05fa62489152fe0dc3d2fc681213a84eb127ac4bf0aafe2dda32e3acbcc102752132c4ab12697f299323c21971e604ca42f412ac4aa5fcf43a12c313e899484deb12ec48a44ff0051b2d1fe2502ff0094ff00ffc400221100020202020203010100000000000000000111503140214110203051617080ffda0008010201013f10ff005cca25b259b7921b1824188999065d9492c4cc5f6124b031a21fd46dbb192589d895130351b933f2cf9822864e589bb101a8dfe3944fd239f1042251138422976c4a152e04a249249d89f0998956482c0ddfc32727247e908c12849f4bc1fa64291606be9a6df88235e493227ece037f879f1c7d12fc47e78e3ecfc0e185e29339df9f09990964e18f69f495e13f8493e39f11472c488fb38581b6fd248124fe12ce48208208aa8f1c92c6d90c820823f93f7fce1d1f7b0e8fbbbeeefbbbef61d1f777de8f7eee8fbd1eea96747b1f85e8e8d6745d52ce8f754b3a3dfbba359d17eee8d68bcd52d1754b45fbba35a2ea968baa5a2fddd1ad1754b1a2fddd1ac68baa58d178d85a4b1a2f154b1a2f152c58d178aa58d178aa58d178aa58d178a962c68bc54bc0b45e2a5e349d4bbb78d3550f1a6aa1e34d543d3550f4d543c69aa87a6aa1e9aa49f1c90459c9c9042d85b7249c9046e2d6924e4e48542b4a493920854abe7939208b78ad83927d26de08208ff29fffc4002c10010002020201040104020301010100000100112131415161718191a1b140c1d1f010f12030e1507080ffda0008010100013f10ff00fae6e863fd2f1ef0ed04c4dfb12d56f1508e393ffad9ba53483de136c716a97d5bf6954b4d5e1f576ca8faf32639f24dc182e236002f31934e0327eff52a3b39d5ef7f840005c84a771041b4ff00f3b5ca589b5e819864274657d87eec48ec6f57a46883bb1fa04371d8e47aaee67816e21eab07c4ec152be9d0fa542437b5cf81fccf12146df111fd48763e25ae4f6cc1b87dda94d81e840342f585fa94967ff1d40aa01b58ea25e8bd7421ab9c57fa0f622e93c963e4ee5acf67883fdf3027b0d3eea1ed7183c7cfd8d07d08680ffd2ebea18d0a1013260af996f83d504ed5fa82381fb94365facb7147a133e5eac0ae6bd23b02790f696707a985376f422b4ff443f135dae2c9f203ee0572ef8e23f927df2b5100772d1f2cdcdf565febfae9db9f436cb375d9ee1b3f51d4f4e77b1bf78d516b8eebd7823e5d381f92be0dc4412b28fdcd0f8670a30b6f61c1ec4b02d8341896ff00262729f8205baf7cca0ee50d62658946690e3bf412dc03d594803950fb65f27b53f0252c73d27dafea572979513d83f29f6702fb17dc7fbdb1b35f513f4607ec25b659c64fab96637decf97f696404f2cbeaa2eb4bf7bf21716dbb8bcbb9f533bf79b9f4afc233f0c41f621da67f631716a069435f8fd3822006d788b261fec6901fee316c1ec44aeefdc065d4e76547bbfbd4a3e80aff00823760015c7b0d1ec4c00335c132e2a59dafcd43c4f4c4b0d12d7114d027427d45039c911c77fa33e43f99c1dd1dfa7e89a3be99f951f532de387d53f32b52f17d8b65f87f601f7fb4b4b13b24b3d59a97df2cb204e1b07e25c0a9c17e1997f11cac705bdb2b309eafff002045a735054a7f369fc4d177c9711a5979e113cce2243729dc4bbbf98e9d7fb3f4be0224daf40cb007d2e13d865999b1d947b23601ec1efa950adbff005d2aca5cb7fe3ea00a01a0d1017fe4f2fbccc3ccb782a283937e218e00daa896d07717f48ec51d7c202fd2700de1d7ca9f88fa6948fa9f995fe757d7f4ee6150ed261fc15e7bea65de7fa0171aa79cfdc6a68a5e53f1a9da8e554fe807cb2e86bedfc4acccf25c4429e11324b0d2f297a6d4a8b637ef1cb17abcc51bce58d8a2d6fe209a15504c2ef199c3014dc7ef7e89d6c12d07bc2d3e813eefdae20a9f51eefda2abbb2829eac4c43dff00020634bc967c6be60b32d0282599436cc1c5c78ac6696e001fe67e32fe6a45e25db3f828fb826a8f50feff0072b09fb29eee0d5d5a0afd2bee7e2245f9466ef3dd486880d72ff30f73fda0fb6a08bb17b5b805fb05d4c4553d009402d16bb5311b522f58801628e33f8637361002732facc346e07cd9eb52981ae6177405704b6c04f5205ca6072e259e10ea6648db4f9c9fa1156d2ac1a78388388ae403fb42c83781fddf880843fa020b0fe004a60073106abde0f2deb74b85b85eb7eebf51fa43b6fcd57d431f0e13dac3ea29407667d04d019e5d7db1f3bc00b7c4bcbf70c3f306d8fbb2e6b80f42a3b6afd629b8b0cb9d6252ed98ec3dcbe96dee0898cd432b4f722c9463b882a9a6254d8f334556bd6a1c57331a207045838adc46b76f8861a89d8b961470752cb7965b561938b959b7a871669cd54b0b9fc0fd0909147f68373f0f11830fc3a7c388770f9a17e12020abc8df4cc08f464a1fce1051b490faa88500974cfc2677d6a86a85beeb5174013d151315b7cc2e6cdfe62a19789953ccade1311805e5ee3694b032ddfb445c6518eb06616adcd7705760ea38770c7bf89e929bd8be65d6cbf48d28ab959e5be6057c396289bcdee20acee08d3a8169c5d302ab92f134a02ee1338b7b8a8b39d412eccdc55930f32eb0b6c8311eb7a3f42507a38f39e449c87dc509962e84b0948b570b6e5abcc1838b8002eba8e3df985a9b8960ee20c2b1acc5b1a70789892bee765183136cb9966ad6fb8bd12d0c59dcb56d6ca87234c4087d47034e22ae063552ecce6a66b730ef52873478c4685228f898af7dc16029f2c2c1681ce60a816b536de4f350e2c2052f506d4daf70a72141cdc73830e99757e9ccdd7fb27e850027fe89400caf88d3fcc2a6b31f0b611ae0c54c02f4b1545de388306d5a8d28a688e7c6e06c2608bf53452bde096d60eb980ad97979818b33338a692266d7ed156a37cc5cad7ef2b9bf4b80bbfa22bb377df11a5f111460c71336b526717fee282b9f30791f111c10f59a0ba80159f8941d78214327c11b471d5cc30c404c35017190f515705599f42002777e848baef5fbcab859cb311569f31f062bc4690e60a7ed819b0c4b53eb3d97d4ab4170f152e78cec80dd6698e1f68285bef0cb87da0a727bb9960fa819852ee553790823baf58a059c97050b4df37129e6146e523ab398edfd628b9df9e65985c72d6c8958a8d81646d4010b3fc41ce5d4d80fdc3816c97a181d4a01eb1590b606921a38c7ec7f436201bbf242f42b13444b7861563315c9cc34bde55bbe206a38e6022bac4e8799caf73251764bc806209c6e596a5e31de60e352edb62d25542aa82d79a8ba5e62989ac17534e96068d05f6ce4e08b792a22b38200d43386f1f70cdd75345fb8b4e4abf316ae8a9b7ae453117abbdf51f3eb999d36ea735f30a6304cf05ba89cacafa86829767dbf4283fb5ec8ae84af2f33809ad90c4a04a253664bc4ad67d46253825962fc10a6cde661919bee3e05ddc36b9b3b2374717d4c5a7399b4b896740d4300ab94ac63ae60d607de5b79c5732c70ca72c303ea36e12bd2190c0381f51ca97442d572f7146b20cbf4facbb745417b0e2515aba9925fa333ec8134b3d25885c0072f128ac2ddea0db65d329d2d1afe86f783201ae6e39d04340b8eef2bf88ecc688ad75fee7a8c1a95f31b4b30fcce4fc455556257947c451edbea000863cb1b0be7a880b7f74553665844a7e60a2abd26177c45432c6f1a1589587fb729055e22e6f7d4c0c9ee62c6066451ccdae7a961bc54b58d1105b3a978aa9b3819451af78aadbcd4c13c9032bf2c0e6c063a057c4ac8a6a6af847e5fa13b9c7f066f922d0378cd47a770260db160e8d4e1ca07e3303146fc4d11ef50caf4a952f6dbc4b617be2223664fa86bf74b91772dbad7ef117f5701bde07114caca2f1a6221c541217a82d15ba88250fe65d64fa99b22a3e650e4220b8218cb5701966e556fd98e3454a2db8ae62ab5f70c21cfa44731700ce03cc6ce873e62ba68ee0caeba60d356097e4f0fd3f4205dc87e1159444babf4815a8b42b39ccba00ac7ed0d0c250ea8cc4562849b1ee021beb98d254b2b4b85fba17cee2296d4e1c7fecbe8a96aabf78a5d57bd11d5fe2021673e20b2cd105bba7bcb1094e3b8346bda5e7b25db41712c104af47a965ed985253c77c46acabb65b218650cae79805d97f303795af3c4c2cc41795e66806bbb8a5c5c4a37eb72c48dd7ed7e86e8e15fa9464e3b82b04f49721757323d1788823769b6085bf89ac0bf59763aa9774b45b1c32d91f1ee45b0a33dc5195a79658b006667439dd41a36f78652d0a382343b95c2d1002eed22590a99e1c43ede8881080f2639a94794aa651592c399c22f982e07301c9f31c6804798a1bc7571e1f129cbd61940d5c0a5ceb9996f6cc1bc9e60b7bc1f9bf42dababfcec56c3b81b17ac4a61311d29ef8dc2383c405f0d1be0cc09ae26434d4455bf0732a8ddfb451de222f0196519b2bc471db7033985baaf32dc0b57cf73cad1f3121747c4d5716e6133df0ca5ce8bd4451e9388e8fdcbc731c942c60a339bea5e4ad45e3e25de928ed948d88b5bb2a25e410f84af3c5152b816f99656b2416e251b27512f3cc0acf0ff004271776f0545be251475006c12234c44657547115a9164f314b57e20392241e4d79b8e1bb85066df481c57ac0abb2bc398bebad44067be79815fc4b557a96634cc89f12e8d19e880d86f88551f9ea1672e3d628f7771aa714f4cae11e0f182750b9d1055bc711b51bbac4016be256c8f26a8802aff00ac16b3ed14bf98bc2cfda2f0b7ef0d28bc665948a387a3f8fd0e4652ab27574512edad788d4c53a5ba4dea86fd2c4ac2dffe4af0571e65582b1ab20a8ff30c2de79959e7b88de3ea616acaae65e177caa60d3552b01c4b15f7e6640d6dce265c9eea39b5bdc0ac0e0d91001faa8e00e6f773c51ef0d3b8d8f84b72a6a55f4f481bca83a8b612e9d7a6629b71dc55d712ec0ba8b7d7ac4dfc4e1bf59515a09ac4190e3f432c377fb90a4e171933ef027fb8cf302fca275751691d330475eb100abe22e302b7068409674b8eb3982db8a3b8b00e9ea1cb6662a8375de21480fc43031c4b5675c12968c4df7513b5e78857593772ec1afda603572d7022d51e25d2855d4015bb098145ccb6adc0f3d4cedbc32b21c9017c4555fc6205b8bd4569b1b7c42c1e775c410a266b1980e71dc1766f1fdbfa1c856d1f68103575109d7d4590c3c133739f49989771ab113fa4b6c679895adcbc196ee18345d4ab1a80f3af5873f8311cb9601908670a1e2e6960dbd7cca3230df533ba7de0e758d5c72e74c4c05662dd72c5ec98f596b65af0465ab99502ca1dd159822e00636d7351265adc42e357d446aea999034e7962406a88838d43c1ccd33b80759f31b37a1fa125e727f67f30812b2e2e39c314c2ab3fac79a33e181ab50329e65b025a6895eef3362998e5c66b2db511ba55e666dc19c542eb64ba579be37342e7da51b2efcea002d2ba850382e5db65bb861c6ee52da5abe202e398d4f0cc1e6d97a89758bef3155563d2614d416ab1e2576f3e2023bcb1d022f3dcb2e302fa8136be3ccce8df98d59a163b9ff51c2c01cb18baa6a1e06518fd08d1b69c20d95e6283871305d62f772871cc2aeeb2a12beacc5c7151b08ecf3061c913d7de0538ee2d494c598ee0e559837632d5ab838bc5798b593f12da64ab80d09733297304118582db74f89662eb11a00b702b2883dcc58d512acb87c47b16a5d8e7ab88c597e48e6aaefccc0de62add987af998db4a7b88d371edc4a6e52d7fb80bb55275067eff000bfa1197e98378cd930d9e3988156bcc55bbe20af1702d4ed86916cadc6da85d1baf68df64039e7642d65b4ea2267b954ba1c7512cf085a038b3d6538eb3a267768568833d9e226e9e5dc45acbca22f74ca30a473580195d789ad199a51df1138ad730a38f4b9499dfac7395acf51048b9e609a55028d8df6b1de1d4cb34df399c32dbd577325a8f58ed750a873f83f422b994c003bc4a0b4962da574a24d4f283e4616278f8983394ea6c6904bfe2636e7f3342fc3b8b0e45e98d2d612a3a2e774534d3894b5009b4062f315cb73420e771de9745441e5b82f6b8d468f473899039940b8930625b8618e602bde2244aa800d0df73d669542f8f7b226d4e3998dbdc1c2618a603079986f27d10a1bab8ea4dfed7e86c5ebf01066934b10bbb35eb19d62a002ef07ed30cbcb38666b72e9a7dd33146d880263dd81bac15d4c9ef1a660a5c7a43386312ef0dc2dd81f7028378a96db5069837155ae33a8a2350c81f8869423441fee1547fb4cb5dcb0d5971c39c5f71d5a43554c1322d264d1f2c4453f8860a1a8655e6553880e2b32cc159957a75031adcc2fa4088f2ff00420f48517c4638b4b879afa8354e26bcb48c0e9e58b8ea89634e660f7eb2eb2c101833dc556eea0f2db134732d6cfe60e5c6219a712b2eae6d52986d987222a4d45e79a819a3338017040ad54bbd3a8ddd89e9500736f128c59c7246c161f48326efb582e02688ab792088995e637c3ee235ab888959a800e56383c2649d1ccbd5dde6fd084bd2f4fb44dd554d8598833a3f982ddd732cc1c3ef06079439453886d9cf1058983271cc537e3c4407a0ea5632a8512d744ba3596a5af5286c3e91501165d307a40e56965d9c6fa85343aee142266e082084cd866a08e41889df96a056057cb2c566e2c77e9300347bc05719f1105b8f499ab0b8b7c7cc42b24c14dd4aacf82628cefb9535860a79bbfc27e86c7e8405d797b4f2710b5859bb872577cc267c5a278a23871cb0a80cacc392e5af440949f69934b826f57f888900d6798b8a4f789acdf7296dba829a4c9006b383654c0b6c2182de382144abbfc2239414dafccd0b70baa944331cdc9d4a1837a81ad40b88fe6521466e5b5b997599bacf885b29b0f1102d77d41b0a059ea0fd0a8a9c4074e3b966586fa8039977906bd65d86b2cc1ce2d0eea7a8e281f117264c4392cae1256dbc12d70be907d465514370db7de602de310b15663b809b4ae18a9bcb01e7ed1511724305a9943588560d43bcd5f72c3ff660b0ea0ab7ef054c6b9976cb3c4ba726659a260db5733c2d735138c7cca6e83bea0e2b3e92f8aa2509e2b70b62e88697b5fd085b75f8d80afa3b9742e215085de8aea0307d4c0e79467accb2987405f372a38532e8d5f98707079898315ed076c287a8b9a72f13812d803570a52ada99bf465b6b32c0a06b12acf7e0941a652da635bb861d11c8141eb0b04c6b99825dad1e2765ea26dafb8a84132e182d60aee27005625afaa05ee022665b871c41d30d791fcffa1f41bfe60d5b55147552e86447c44a07b414f49afd5323ac335bd2ee216564a8602613985f93ccc325f129763b25358cbdea7403dc3e25387f79c9afe20b00ccce4b8946ee5e9189a7f30ba62922628fb9fed3cd62063d51b4d8e2363c7ac02d87778f497d17c4ba09861bf0b88af176cd534d4b0eb528b60e31706d37000f9ea503c7e7fd0fa017ee215df3034250aee25f52dac5b038d9bcc82ea34e02e6360f59b7092f4ddf330c0f9e2640a8cb5e6b1173736eec850359dc41af6855df507a60ea046b1bdb03060955302d6a58478ad4bb514c4ab14d1a25f4cb0308a34d731286f2ac30a53962007c77002dc7f32f37583a96be88dbed2b6acf301ab310f27d2702d9812eeefb7e87fb174828f24bc18d3c4a05e7ee775ef2e5b45bba9773df986a9f863e495c36c12fcc4aac5b174db2ced828e3de396831dc04351801ddc4ab317176303576f11da66e038f7864d4aa71f89c61ccaa5d6201c9f58a14acee6cd315ad97eb1bbc38ea6586de6561e332b2edf31c7f598218397e20396f12dbdd4b4e20c79b86b057fedfd0dac365feb33dcc292fcca5b2cc303534ab99ce5ef042f25df985a59599b0db5cc11d388633cf10b78cc0e6eae2816b88970e4f59c4710546cbbe2a5151772f45cc558fdcaab39e18574dcab2cdc3381f982363388e9216791cc4b1bb6342e0c2d1a08566e7c4b3018bcdd42f682bb4083f108e6ebc10d17ed0c79896978960bac77057a2fd09bf027d20154212acf7839de194642e50176e6146fce35e788862c8530530f2d173637701098e21b69d4b559b3b8b565779853766a19118343dbdc6976732855177003a95c5f32a90fb22d6aa600cc057061882d7ccd586ae591e436cb4e3330797a4a196f3e65d5aa2b453f32cdc6d2711caeb1cdc4242219805a9c7ac147fd2bf4268f83f4972ea656b35ccac5e7da17b2139582f70dbeecc9f96596c778264f5dc6c560ce602ea1e0b8d05e0963a560aaa20f3eb15bb23c40dd71c44af98f095d8a7e253c2b1029da1661b8b84d38bae710ecb57036f896ea5cddf18ccab4bd4a18e6a646bde7635017c54085b9964c9eb29f19f596b42c96b38828ffbd1fa117eb3f24342b2a444707acb3a2217797a9528ce66089e5f30c6f75c434d371b068a8e89885e789473611c8a62a4af79761724e16ad65aedc30ca073285b795965e1cbe200136057fec06f7133c2016df26e56ed7994cbe2366eb1a9b218ac554bb867f3dcb63c4b2f3b88474f71cb6ceeee70dc4c84452d37a868bfb53f422942b626c5ea14e7572ab2ebcc2e27854b64924b3ccd3e25ed2df5730baabc4c0658f27b10185fa981cb97880b55706a0585544a19b608ad999caf10f1c46fd1053541539f32c76806aa38b1a6f5394fe92c099414ae6141bdcc56070c0d57e6396897c7e63ae6ae08aef3b897962abd1298cc141fd29fa1343fbd3064de581e499176a116cb5f89739d9982d91e5c4004c6fea70b1cb12ab0585ea730d33d751157bb955861617530d1e269cc0cf7d4366530cda8d4b6bf12aeff0032c07b993872c5734e4968aaa8d37b94b8e218a55f99e073925e32fb443e65081a974d451b216c8978ad91a4f5988f88683fbd3f4269ff006b42a6b71072b887066657a4d45b70a25b8b5cd9779979f3dcc62f315ac0c5ddc6d6b894d385fb8e010e2ee501dc2aeab153638c416e8c5f73487ef2b832d4a719c4453d43250b5e25618bf10cba95fd6201ac46f329968b99db860b40616a3002ef537ce224c772c40f8828d6586412061798283afc27e8458ff6b438483cc442eabf79e7cf1355629964001371c7e13263b9ac198e33b94e78267eb00717aee22dce3a9b28acce8144a4580d99596e655bc660d5ba96e310a7aa190f3d4139aaa865ba8bcf19978f5ff042e97c41b5e223424ba79aa855524c1b4f35eb0326fcc413257ed52c56f3051f5f83f426cbbfca8175f728bca506ea2160c26ca9b3ec80b87bc71b4cb053335551bcafda646370415744529283d665fea52b06811876e66b3db02cb5882999ba3de5bea0ca5f2860b09781a828473ed32bf98561755280baccbbb184416db8adb5d47b3aea29782a5dd2a996eba98afe660b96a15e0f5828fa3f8fd08b1eff000b316a6fbc4470de23a37f30e8ee253598195fb54c2b4d46ef12aba994426f510d9a99056111b76f50357b6553ce48d183ef042ab073168c546d40fac4aacc2dc40b7a3c403995c5e9c54fca698b3c4106272e23a1e660d625aef1d4e03598a984dcddaea1943ee566b5062f9f13b54abe8ad989f87e8459f7f82115788203dc006b7112e6652aee7bc42478dcc9579b970077120e2de65c32595b8bcf515c0c1af35acc5ade6f3b8146ea1670dc7c1337565475e0603789867aea506e09fee2c2bdcabb433a94070c7a9aaaee517cc118b814e1b20e4b8e7043c25a147533b75e65be8e62cf3d4bce6f30d79e3eb7e8458f6ff12d6cb029cc7cd4c7c439330ef2b0d4caf689a5658e3b2367375dc45c18895c5fe089831001a3712b317edb8616e4615d73111bc438b980aba25ae0bc917198228b8a822deaa2d397ccbb8388adb1169aa898afc30adae2596e19456752ecc438f499e1ed1329b5850c57ccac590c4c5debf9869e9fa1161d8c3c97981eeea2f6664b9bf11173b9af50a955e62d5dfe666e36c5e3ea0d4a6b788b0bc4c658801badce4372cde7d2181e23ac9f58162194b75961f38837dcadf11177cc2e3af59448ad619db112db337cc707863a5b70ce5e2068f71a50e4dc453d22dbe65039dcf442ed54436abed0db178bee71fa172301d14b1515865a3862be1732c530ede133be822b5fc4d07a8e9db0c35303ba9b4c6d83d3da55ea59f5980ac3ed044cd071531467ccd66f89b3a21776bed294692a1ceee2afd3b995ea34d2e3eb5284c3c450eaf04e1fc4d2f27894ae7ee1581b81ff0048aaac95ab19de7308b56265830e0f7fd1d43d2fcc5a3254b70dc7782aa2c587978620073c26158648fe6a28409c7963abae6a1bf30dd665ed5339fc4eee2598cc16deabb89a3c442b12b19e25595036eb99b63b9439cb5c4b32bed10a8b9bcf04e12dfa8538d4a64af8806ab29029b1b8674389561730acd4d5bb9b782621cdfe63f4781e31f92050b2bde55b9544ea0c5725c15df482cc4b267136e78cdcb023415f888e35066eab32db8db8fcccb941f0c56b7ef350e7d20c8626edf99ab5ce3731d4aa3c40ba7e260cb1c2b512ca1aa97559f822d99eb31d6b8c47cc156310e7994a6a7a88d9a95cbccc13a6587fd6e5cbff00b2e5cb972e073abf2a6ce217bb224f4999e6e2bf124568e60b59ef5393ad40bbc3713dc885554c0c528ec8331f3f12f29ccf0b0b752b93de156df042ab3f10295abae669cb88a2511e2f2caca55cdb59f352975c4a7d07f832372b00e6e0ac3dcc055d4b02ee5ddd4762a0625a5666d9998001fb6ff0bffaaffe639a7aacfee880a4bae6016b894c353725b2e56a0e357515ae504bc05431965b32a9d7dc2dbdc72e5a9938af585f3cc133cf99e008d5198dacb6572b6118805ca5bb99333c13c38974f172f4189546ee678d41ad462ef0f11c2105be08065bb8b49b04a0d40a2ff74840c3fe858c32ff0087d73d7fe3abfded306a2dacd9b8f122a0e711a65cce39dcaf1cc6eaea5f588dd130738896935132bb1976d3dca29cb3790ee36e264ccb42ae25461d4cde3114f12910bb94bbbf32a9d9ef32614f4966620ed98d070f50c39771321564ac40cb4c42f7838ff1bac39950961621e605ff00007fcd8c52a9547fc1eaff000cbcff00958a564cd4b927107bc34658f8c04cab65d750d59aa9868caca6b32edfca0c4b5aadc1ddc19b2006d966d4ba9694291ab88362e5de731160a8dba89c30359860d65e63bc7bcb335641989e65b8567f11ae3112710db9a8b4ee0d60771cab2ed95288f344d6fae428d01cca8ac0e48081ff0043ff0013b519f5ff0084dba6ff003c69d4d6a8a89353d9b9609ac7e257bf199439e2640ea0a995839d59315a99bc771ab41ead4b0152e9ef1045aeb965dbba8961ee177b1e22a9c929873b605578b983786e3a33046bbd4a69a19746b2c1e561c38995aae3717055e0b94cd4e8a7dccc84ec32c404dd689519a722dfb87519e0a8410410103fe862410cb23c54d45450be1fde96b990f11a11bdca27510a2dd1705d78251cb30d623557cfac1c4c037ef1da671135fbca398bf585ff00ea1c4b06b2f50c5db7515bb8526263670cb72ee0e2e140a95784a058f6316b48795511902f659f9958f7cfe2858557440f10204208208203feb4ff008177c51b089dc23a17fa3116ab35e6659ac7335e188a3afde56d7a259b0f1b8b6e72c37b8bf73a5c6ecebd20658878c4b2b599658ae2566fb8348708bc9f51259dc17cc5c97881e0d71283d6b03e656a5f96d99d67a148e960739bee05467415082082082082080952bfed4ff81c4351e4c1e46d0b56b71369b7984481cfcca81e0ac4a5b798b618c401de33d4d38d77528bcf12d58bd4bb4cd44d7894e3ee28b772af5f132738944558d91b45fa2fb85159d0b438cd3c07d42c2bf93280603fcc038841249fe020820204afd027fc0f034916a485a7a956890abd6547b33a8811b1a4a59cb3d72b2f32de7f12b0ebfc0a52f889754db1c065e0dc1cb1738a3287d82fee54abd8afea1b4cf0107093fc241fe020823d1fe041012a57e8d23fe4c43a63eded01e238d9131a899c9ef13be3c4cf046f0d566515e8976e4a2575c5e89b76722bf3295f0e65958a076a3ea155e919424920926b093fe9e054a95fa74ff0df315664482685bbbf0ff310b476e0fbea28094fa30adaaf58ad0698c4683c88a12603ce131923b32954a3f283fc2c1e30f0ff00020ff0927fcf054a952a54afd5d461bc4bc46011d8916b6b9c65e9b9d39fcc1331ec5c2680f4250e27a27a7fe08ff91952a54a952a54affe1d4a952a54affa0054a952a54aff00e6d4a952a54a95ff00eadfffd9, 7, '100.00', 'Campus', '2025-01-20 14:39:43');

-- --------------------------------------------------------

--
-- Table structure for table `tbluser`
--

CREATE TABLE `tbluser` (
  `user_id` int(11) NOT NULL,
  `first_name` varchar(255) NOT NULL,
  `last_name` varchar(255) NOT NULL,
  `email` varchar(255) NOT NULL,
  `phone` int(10) NOT NULL,
  `username` varchar(255) NOT NULL,
  `password` varchar(255) NOT NULL,
  `image` int(10) NOT NULL,
  `course` varchar(255) NOT NULL,
  `birthday` date NOT NULL,
  `address` varchar(255) NOT NULL,
  `role` varchar(50) NOT NULL DEFAULT 'user'
) ENGINE=InnoDB DEFAULT CHARSET=utf8mb4 COLLATE=utf8mb4_general_ci;

--
-- Dumping data for table `tbluser`
--

INSERT INTO `tbluser` (`user_id`, `first_name`, `last_name`, `email`, `phone`, `username`, `password`, `image`, `course`, `birthday`, `address`, `role`) VALUES
(1, 'F', 'L', 'panchojazzlyn@gmail.com', 2147483647, 'U', '$2y$10$WF2b.vEcgPPMA6oihvmUt.XFCZERbo5eGi56jERB7op3BZKluwDQK', 0, 'computer-science', '2021-09-12', 'A', 'user'),
(2, 'Jazzlyn', 'Pancho', 'pancho@gmail.com', 2147483647, 'Jazz', '$2y$10$0DBvIkMRgpi4cqwVV49ME./XcJdHsYg14pWgc9d.GCh/8/LIdUnum', 0, 'information-technology', '2021-09-12', 'Canelar', 'user'),
(3, 'Shane', 'Herrera', 'shane@gmail.com', 2147483647, 'Shane', '$2y$10$0aWKjgpdrl64fUbYZhpOBOvFury.fMUggAz5LnCkETv83nVkYoIgS', 0, 'information-technology', '2021-09-12', 'Canelar', 'user'),
(4, 'Rhenden', 'Rada', 'rada@gmail.com', 936629991, 'Rhen', '$2y$10$rTnBGXMyNNid7Y8im78PluUYSPzptD5812SlTMBG7NNKVnNkWDrYG', 0, 'information-technology', '2021-09-12', 'Canelar', 'user'),
(5, 'Nicole', 'Buena', 'nicole@gmail.com', 2147483647, 'Nicole', '$2y$10$FMBVoGsDhKAEljcP/od96OGxAot/FR4ZMCOyX3Qc/bskE7os5f7zu', 0, 'information-technology', '2003-04-18', 'Canelar', 'user'),
(6, 'Shane', 'Herrera', 'shane@gmail.com', 2147483647, 'Shane1', '$2y$10$4wY6kRbSpVtJ1PY58ZWPFe.w4KXmgyFVF9tlD0J8lri9T828PQyba', 0, 'information-technology', '2021-09-12', 'Canelar', 'user'),
(7, 'John', 'Smith', 'j@mail.com', 123456, 'john', '$2y$10$Oj9zuHvkX7NCjfCF8b3dLOtoH7jN7dAKH1wCx350tmWiHW.v67V0i', 0, 'information-technology', '1970-01-01', 'Canelar', 'user'),
(8, 'Jane', 'Scott', 'j@mail.com', 123456, 'jane', '$2y$10$r/mh0Rbnm4sNiK4.Hms3iehsR2kP41rt.CwA.AKamWnDdk.vYErfW', 0, 'business-administration', '1970-01-01', 'San Roque', 'user');

--
-- Indexes for dumped tables
--

--
-- Indexes for table `bids`
--
ALTER TABLE `bids`
  ADD PRIMARY KEY (`id`),
  ADD KEY `book_id` (`book_id`),
  ADD KEY `user_id` (`user_id`);

--
-- Indexes for table `chat_rooms`
--
ALTER TABLE `chat_rooms`
  ADD PRIMARY KEY (`chat_room_id`),
  ADD KEY `user1_id` (`user1_id`),
  ADD KEY `user2_id` (`user2_id`);

--
-- Indexes for table `comments`
--
ALTER TABLE `comments`
  ADD PRIMARY KEY (`id`),
  ADD KEY `book_id` (`book_id`);

--
-- Indexes for table `messages`
--
ALTER TABLE `messages`
  ADD PRIMARY KEY (`message_id`),
  ADD KEY `chat_room_id` (`chat_room_id`),
  ADD KEY `sender_id` (`sender_id`);

--
-- Indexes for table `tbladmin`
--
ALTER TABLE `tbladmin`
  ADD PRIMARY KEY (`admin_id`);

--
-- Indexes for table `tblbook`
--
ALTER TABLE `tblbook`
  ADD PRIMARY KEY (`id`);

--
-- Indexes for table `tbluser`
--
ALTER TABLE `tbluser`
  ADD PRIMARY KEY (`user_id`);

--
-- AUTO_INCREMENT for dumped tables
--

--
-- AUTO_INCREMENT for table `bids`
--
ALTER TABLE `bids`
  MODIFY `id` int(11) NOT NULL AUTO_INCREMENT, AUTO_INCREMENT=23;

--
-- AUTO_INCREMENT for table `chat_rooms`
--
ALTER TABLE `chat_rooms`
  MODIFY `chat_room_id` int(11) NOT NULL AUTO_INCREMENT;

--
-- AUTO_INCREMENT for table `comments`
--
ALTER TABLE `comments`
  MODIFY `id` int(11) NOT NULL AUTO_INCREMENT, AUTO_INCREMENT=22;

--
-- AUTO_INCREMENT for table `messages`
--
ALTER TABLE `messages`
  MODIFY `message_id` int(11) NOT NULL AUTO_INCREMENT;

--
-- AUTO_INCREMENT for table `tbladmin`
--
ALTER TABLE `tbladmin`
  MODIFY `admin_id` int(11) NOT NULL AUTO_INCREMENT, AUTO_INCREMENT=2;

--
-- AUTO_INCREMENT for table `tblbook`
--
ALTER TABLE `tblbook`
  MODIFY `id` int(10) NOT NULL AUTO_INCREMENT, AUTO_INCREMENT=27;

--
-- AUTO_INCREMENT for table `tbluser`
--
ALTER TABLE `tbluser`
  MODIFY `user_id` int(11) NOT NULL AUTO_INCREMENT, AUTO_INCREMENT=9;

--
-- Constraints for dumped tables
--

--
-- Constraints for table `bids`
--
ALTER TABLE `bids`
  ADD CONSTRAINT `bids_ibfk_1` FOREIGN KEY (`book_id`) REFERENCES `tblbook` (`id`),
  ADD CONSTRAINT `bids_ibfk_2` FOREIGN KEY (`user_id`) REFERENCES `tbluser` (`user_id`);

--
-- Constraints for table `chat_rooms`
--
ALTER TABLE `chat_rooms`
  ADD CONSTRAINT `chat_rooms_ibfk_1` FOREIGN KEY (`user1_id`) REFERENCES `tbluser` (`user_id`),
  ADD CONSTRAINT `chat_rooms_ibfk_2` FOREIGN KEY (`user2_id`) REFERENCES `tbluser` (`user_id`);

--
-- Constraints for table `comments`
--
ALTER TABLE `comments`
  ADD CONSTRAINT `comments_ibfk_1` FOREIGN KEY (`book_id`) REFERENCES `tblbook` (`id`) ON DELETE CASCADE;

--
-- Constraints for table `messages`
--
ALTER TABLE `messages`
  ADD CONSTRAINT `messages_ibfk_1` FOREIGN KEY (`chat_room_id`) REFERENCES `chat_rooms` (`chat_room_id`),
  ADD CONSTRAINT `messages_ibfk_2` FOREIGN KEY (`sender_id`) REFERENCES `tbluser` (`user_id`);
COMMIT;

/*!40101 SET CHARACTER_SET_CLIENT=@OLD_CHARACTER_SET_CLIENT */;
/*!40101 SET CHARACTER_SET_RESULTS=@OLD_CHARACTER_SET_RESULTS */;
/*!40101 SET COLLATION_CONNECTION=@OLD_COLLATION_CONNECTION */;
